id,realSum
36196,344.38043
36197,511.5563
36198,854.43567
36199,244.68407
36200,298.84253
36201,553.69775
36202,5183.1123
36203,244.07214
36204,540.8342
36205,168.36395
36206,271.49374
36207,414.97208
36208,239.28822
36209,236.11256
36210,150.68298
36211,479.82736
36212,258.51825
36213,151.82689
36214,143.91736
36215,169.71797
36216,349.57306
36217,196.82343
36218,425.75662
36219,156.49223
36220,348.5902
36221,367.01764
36222,155.36618
36223,412.01102
36224,331.79315
36225,827.34814
36226,306.4981
36227,635.4615
36228,929.3251
36229,226.59235
36230,249.37161
36231,277.7123
36232,205.94002
36233,282.29495
36234,128.73999
36235,515.21185
36236,151.49214
36237,243.06438
36238,131.92899
36239,150.37697
36240,373.9589
36241,197.35916
36242,140.0606
36243,296.51834
36244,208.04404
36245,228.9975
36246,413.03418
36247,220.3773
36248,415.35873
36249,407.7345
36250,418.21936
36251,335.40637
36252,373.85895
36253,465.4742
36254,350.4109
36255,322.331
36256,161.13004
36257,351.86057
36258,214.12737
36259,333.09738
36260,405.12408
36261,230.32915
36262,151.80247
36263,129.87344
36264,104.608795
36265,529.4995
36266,271.9739
36267,336.24384
36268,315.76633
36269,147.98636
36270,446.02533
36271,269.12625
36272,235.81992
36273,522.1629
36274,171.68533
36275,295.70068
36276,288.36166
36277,197.71303
36278,157.75737
36279,396.51846
36280,161.8631
36281,190.46025
36282,114.371
36283,169.8142
36284,196.07726
36285,178.51196
36286,215.84071
36287,258.14462
36288,228.49216
36289,97.04825
36290,670.6552
36291,209.59294
36292,290.81335
36293,421.4915
36294,130.6545
36295,239.35143
36296,503.5525
36297,231.90999
36298,196.37798
36299,130.63379
36300,175.59045
36301,585.96295
36302,181.59976
36303,312.56818
36304,304.2445
36305,107.64175
36306,103.72357
36307,328.4477
36308,385.01288
36309,192.55388
36310,206.83922
36311,367.54733
36312,241.86836
36313,376.39246
36314,195.5544
36315,157.11229
36316,529.5613
36317,182.87979
36318,89.94816
36319,189.12106
36320,730.00696
36321,357.66507
36322,670.1838
36323,213.8255
36324,296.33624
36325,590.97107
36326,216.36078
36327,285.40237
36328,364.09634
36329,113.28438
36330,153.52142
36331,147.70804
36332,437.95804
36333,248.02406
36334,336.35236
36335,225.12756
36336,298.58707
36337,277.46664
36338,315.36023
36339,190.3588
36340,246.07788
36341,228.90117
36342,160.50548
36343,134.8914
36344,221.07796
36345,156.79411
36346,236.86374
36347,246.24606
36348,309.10855
36349,98.050095
36350,212.29828
36351,185.80418
36352,178.33705
36353,222.71489
36354,189.48305
36355,208.39473
36356,263.65475
36357,275.31372
36358,496.8063
36359,339.31848
36360,292.1274
36361,292.5116
36362,220.17436
36363,210.06392
36364,335.5064
36365,271.91867
36366,225.53941
36367,336.94446
36368,308.14886
36369,472.11182
36370,459.914
36371,296.75952
36372,249.18414
36373,203.8988
36374,337.6125
36375,140.75853
36376,275.82755
36377,212.36057
36378,232.29968
36379,257.91733
36380,125.39302
36381,297.1291
36382,235.84123
36383,142.76987
36384,342.68497
36385,162.06888
36386,267.13696
36387,107.06325
36388,151.2854
36389,243.23515
36390,154.15253
36391,611.60266
36392,209.88155
36393,132.92235
36394,226.61691
36395,549.6376
36396,525.57983
36397,171.02142
36398,223.22314
36399,356.63937
36400,357.53156
36401,168.05824
36402,194.07599
36403,235.73474
36404,245.93892
36405,118.74167
36406,124.26085
36407,169.15565
36408,259.8979
36409,264.18112
36410,213.02425
36411,269.8325
36412,261.09116
36413,282.90692
36414,167.24481
36415,484.97153
36416,165.64494
36417,422.879
36418,137.10876
36419,242.98343
36420,124.352905
36421,566.3695
36422,269.3133
36423,238.98354
36424,189.05748
36425,212.21722
36426,128.43317
36427,243.48769
36428,193.67052
36429,950.13605
36430,476.3739
36431,609.2012
36432,526.55444
36433,131.91301
36434,264.98898
36435,401.22702
36436,358.7814
36437,221.10301
36438,292.53043
36439,257.3199
36440,615.9645
36441,229.96118
36442,365.2179
36443,196.37935
36444,208.2273
36445,248.77122
36446,265.87967
36447,235.01123
36448,223.86658
36449,620.6394
36450,296.41226
36451,176.22313
36452,714.4132
36453,316.31732
36454,1040.1216
36455,137.98557
36456,148.64713
36457,209.35207
36458,549.7108
36459,302.32703
36460,157.1752
36461,290.5979
36462,364.6331
36463,165.72226
36464,252.10841
36465,277.54474
36466,130.1212
36467,288.44113
36468,204.25587
36469,156.00734
36470,548.0801
36471,523.83136
36472,167.3485
36473,130.8538
36474,305.55237
36475,304.56024
36476,200.5344
36477,411.04678
36478,209.90056
36479,169.04344
36480,395.90134
36481,472.9539
36482,322.7002
36483,224.93425
36484,426.2933
36485,103.99493
36486,400.56396
36487,403.8808
36488,161.08298
36489,369.60043
36490,147.48045
36491,194.77635
36492,726.48584
36493,328.17407
36494,261.06262
36495,267.6867
36496,416.3513
36497,192.32776
36498,97.61119
36499,686.1449
36500,138.46965
36501,179.96182
36502,191.38432
36503,371.3048
36504,434.0485
36505,124.486435
36506,210.98877
36507,498.08203
36508,381.01688
36509,190.09833
36510,240.83163
36511,380.73303
36512,388.14804
36513,498.8433
36514,247.63982
36515,418.48004
36516,224.8118
36517,166.1705
36518,253.57181
36519,294.22882
36520,195.67982
36521,210.94841
36522,203.3356
36523,237.34299
36524,890.2996
36525,247.64003
36526,157.61238
36527,217.07213
36528,425.6441
36529,206.92888
36530,288.87894
36531,186.26474
36532,94.5292
36533,256.51334
36534,308.57758
36535,155.40094
36536,285.15668
36537,400.51642
36538,173.42802
36539,360.52557
36540,163.76144
36541,212.84743
36542,270.82242
36543,262.70938
36544,172.3573
36545,146.94405
36546,878.5288
36547,114.427124
36548,128.49437
36549,127.2857
36550,431.71024
36551,242.97632
36552,199.19125
36553,249.42293
36554,383.03848
36555,185.64346
36556,134.1791
36557,310.5948
36558,136.39442
36559,267.92386
36560,129.95795
36561,579.5953
36562,286.1775
36563,185.33636
36564,145.763
36565,214.87756
36566,341.79828
36567,215.34644
36568,115.525116
36569,255.94476
36570,157.71936
36571,188.80672
36572,188.32549
36573,244.71053
36574,231.18257
36575,613.84686
36576,485.74622
36577,204.95285
36578,210.01048
36579,253.15776
36580,108.12255
36581,250.5617
36582,316.00885
36583,215.03047
36584,211.6743
36585,453.09042
36586,154.6218
36587,556.1667
36588,202.76398
36589,159.02135
36590,214.40408
36591,133.55319
36592,222.33028
36593,446.6077
36594,452.5327
36595,291.8152
36596,147.05997
36597,236.44089
36598,202.99947
36599,168.31287
36600,362.5134
36601,180.82318
36602,217.17952
36603,156.51765
36604,720.16364
36605,989.05536
36606,196.51671
36607,723.02716
36608,130.31612
36609,193.01598
36610,300.85864
36611,222.6144
36612,502.36252
36613,226.62427
36614,250.74913
36615,212.82986
36616,268.31738
36617,389.43933
36618,219.98045
36619,436.27417
36620,230.7238
36621,184.66241
36622,140.32147
36623,112.71563
36624,133.45924
36625,699.59595
36626,333.63748
36627,159.87436
36628,315.05377
36629,393.5595
36630,138.46942
36631,376.07654
36632,211.40492
36633,179.40456
36634,221.11792
36635,255.90974
36636,355.1532
36637,277.85645
36638,259.02878
36639,287.44037
36640,125.573746
36641,682.5122
36642,242.58147
36643,84.38429
36644,122.008736
36645,237.15842
36646,272.87164
36647,255.87865
36648,833.86835
36649,118.85632
36650,1434.5896
36651,357.56604
36652,144.92032
36653,268.67487
36654,380.2263
36655,140.69374
36656,350.46182
36657,276.50943
36658,250.62157
36659,206.7109
36660,307.31616
36661,171.47038
36662,151.8513
36663,131.13007
36664,210.26059
36665,174.51321
36666,109.35877
36667,312.20563
36668,442.53802
36669,143.91377
36670,179.0787
36671,334.32455
36672,704.75116
36673,268.49435
36674,246.6914
36675,160.98175
36676,189.7894
36677,363.73737
36678,208.94722
36679,189.85718
36680,290.63855
36681,430.59326
36682,251.59761
36683,339.82303
36684,179.97137
36685,549.36163
36686,255.09132
36687,215.6149
36688,209.70753
36689,217.49382
36690,195.83379
36691,1014.4825
36692,194.15277
36693,594.0228
36694,225.74896
36695,111.37776
36696,191.7348
36697,385.33725
36698,242.45395
36699,152.09242
36700,275.17032
36701,502.64612
36702,130.9823
36703,223.18361
36704,184.11777
36705,182.43369
36706,114.555626
36707,303.7358
36708,320.57147
36709,602.5295
36710,146.51465
36711,237.1988
36712,162.20505
36713,130.84802
36714,136.04901
36715,111.10703
36716,147.68887
36717,164.60297
36718,194.45268
36719,214.01244
36720,285.12326
36721,260.82697
36722,878.46594
36723,315.1707
36724,490.761
36725,174.31357
36726,131.27246
36727,185.73967
36728,244.43567
36729,580.01044
36730,164.23302
36731,318.60443
36732,202.90796
36733,146.66911
36734,94.76253
36735,197.26285
36736,112.101776
36737,452.43063
36738,168.91034
36739,119.359535
36740,279.2379
36741,216.38286
36742,138.96341
36743,142.80081
36744,287.2627
36745,172.23213
36746,184.18646
36747,103.58501
36748,274.07138
36749,636.7116
36750,115.899605
36751,244.7932
36752,550.1107
36753,686.758
36754,255.83955
36755,451.22565
36756,218.68437
36757,414.58606
36758,165.94835
36759,131.52748
36760,332.2789
36761,277.51935
36762,209.20102
36763,120.60137
36764,320.19095
36765,170.53784
36766,361.2106
36767,505.9868
36768,320.51944
36769,136.46019
36770,126.95689
36771,192.05713
36772,94.20455
36773,249.50017
36774,157.55847
36775,310.8309
36776,176.5265
36777,90.77258
36778,88.22474
36779,285.99362
36780,142.99832
36781,315.47293
36782,228.58563
36783,245.39713
36784,356.33212
36785,411.9864
36786,165.55565
36787,311.4955
36788,292.39362
36789,605.25305
36790,359.8404
36791,512.59503
36792,176.99107
36793,129.12733
36794,338.71136
36795,217.37485
36796,329.95834
36797,516.92645
36798,641.0147
36799,330.33542
36800,276.44476
36801,576.3892
36802,329.10223
36803,313.7139
36804,217.94302
36805,140.37617
36806,551.0976
36807,176.30882
36808,195.74988
36809,316.774
36810,363.5948
36811,372.02362
36812,280.0961
36813,254.5566
36814,534.0089
36815,174.07727
36816,239.13498
36817,298.9393
36818,171.47876
36819,108.88108
36820,191.68477
36821,317.56204
36822,615.3744
36823,464.9351
36824,350.76843
36825,250.85503
36826,231.79327
36827,123.89206
36828,208.23344
36829,324.57294
36830,391.15085
36831,343.12015
36832,180.1515
36833,224.73041
36834,210.06717
36835,461.07956
36836,262.2752
36837,197.0674
36838,204.9123
36839,132.60445
36840,364.22183
36841,244.13986
36842,182.32121
36843,198.56447
36844,315.90604
36845,138.7511
36846,562.68134
36847,240.30249
36848,292.21017
36849,213.70538
36850,300.52405
36851,152.78098
36852,585.0259
36853,195.95332
36854,167.23332
36855,285.68448
36856,154.57974
36857,258.35028
36858,367.3395
36859,198.79529
36860,349.12372
36861,513.26514
36862,158.26152
36863,154.85767
36864,240.87933
36865,242.48276
36866,120.75715
36867,189.71384
36868,156.46242
36869,257.68658
36870,324.1101
36871,147.89334
36872,115.75253
36873,260.56683
36874,350.14008
36875,276.33606
36876,281.2803
36877,463.06027
36878,199.049
36879,138.77647
36880,186.5629
36881,98.15925
36882,365.9754
36883,561.23364
36884,125.41788
36885,191.36798
36886,194.86133
36887,205.94536
36888,459.10202
36889,207.4827
36890,331.13492
36891,231.12881
36892,755.74426
36893,478.64822
36894,329.55368
36895,289.98138
36896,141.51024
36897,517.521
36898,130.20369
36899,130.54173
36900,375.74197
36901,143.07274
36902,150.40332
36903,240.78316
36904,132.89684
36905,172.26044
36906,199.73045
36907,490.37918
36908,166.32858
36909,269.47574
36910,284.27487
36911,364.3062
36912,174.56876
36913,167.54239
36914,255.55185
36915,130.40367
36916,129.00955
36917,244.30357
36918,221.74747
36919,267.267
36920,88.258934
36921,485.30197
36922,183.56773
36923,136.67064
36924,108.49363
36925,168.05309
36926,125.17443
36927,281.29916
36928,184.14348
36929,209.39314
36930,306.31165
36931,646.5954
36932,118.75743
36933,162.17162
36934,160.05324
36935,158.44229
36936,211.10042
36937,383.32172
36938,329.49548
36939,412.1624
36940,216.81259
36941,155.91768
36942,168.26106
36943,661.5553
36944,186.88037
36945,106.835594
36946,228.03651
36947,153.17206
36948,329.69467
36949,262.33633
36950,216.47337
36951,137.25203
36952,132.67084
36953,256.20673
36954,134.00284
36955,186.96408
36956,159.04814
36957,263.95172
36958,143.25964
36959,170.5116
36960,144.93317
36961,131.34929
36962,192.30054
36963,176.3109
36964,208.35535
36965,130.00504
36966,316.5044
36967,115.38415
36968,172.99957
36969,332.51584
36970,547.1474
36971,321.84348
36972,364.99023
36973,296.9247
36974,344.87848
36975,1466.0836
36976,429.18164
36977,128.10065
36978,334.89383
36979,206.11511
36980,239.7066
36981,258.84323
36982,221.74985
36983,201.68274
36984,194.78282
36985,447.9647
36986,144.85764
36987,548.6633
36988,282.0897
36989,141.42854
36990,116.84115
36991,266.18042
36992,369.30786
36993,137.46368
36994,280.38754
36995,148.30132
36996,280.5797
36997,931.42065
36998,180.3414
36999,199.72472
37000,239.86958
37001,797.93384
37002,198.7006
37003,392.2314
37004,760.65704
37005,98.48278
37006,265.0499
37007,713.3143
37008,272.1674
37009,637.6597
37010,194.07399
37011,298.1983
37012,145.33582
37013,175.13051
37014,280.94623
37015,434.22665
37016,649.7403
37017,285.67386
37018,427.4494
37019,265.12207
37020,179.68951
37021,202.16855
37022,215.41632
37023,647.3642
37024,203.46355
37025,157.95364
37026,408.8586
37027,385.4521
37028,303.68378
37029,186.73961
37030,150.36926
37031,235.6597
37032,517.3392
37033,530.37067
37034,335.94427
37035,219.79588
37036,155.99858
37037,249.37053
37038,162.87978
37039,304.38614
37040,115.73346
37041,169.8724
37042,243.1561
37043,287.9375
37044,153.30225
37045,338.60275
37046,227.18402
37047,396.3009
37048,466.5858
37049,95.13591
37050,150.57687
37051,468.32056
37052,165.37665
37053,703.48505
37054,502.99792
37055,159.73428
37056,173.2827
37057,159.5883
37058,163.55833
37059,172.5311
37060,180.35048
37061,221.35239
37062,155.5906
37063,213.15334
37064,236.61288
37065,136.8486
37066,238.6759
37067,527.8747
37068,223.49774
37069,210.93532
37070,736.91943
37071,378.7852
37072,135.84473
37073,428.61252
37074,166.7608
37075,246.12305
37076,317.2838
37077,208.34479
37078,143.8421
37079,257.63916
37080,222.74638
37081,147.3707
37082,198.28946
37083,232.39914
37084,732.5847
37085,153.6637
37086,412.9094
37087,283.37097
37088,370.93423
37089,519.2296
37090,231.09732
37091,154.34238
37092,184.93796
37093,403.66055
37094,188.63702
37095,478.20096
37096,164.59503
37097,209.44673
37098,225.16623
37099,576.3847
37100,172.82642
37101,347.5145
37102,398.8962
37103,485.97537
37104,85.28398
37105,201.29884
37106,180.04907
37107,309.59592
37108,367.6552
37109,131.60637
37110,204.81126
37111,137.63258
37112,249.6498
37113,354.5738
37114,335.40192
37115,297.81317
37116,82.24571
37117,197.40771
37118,290.02246
37119,252.40964
37120,476.58624
37121,219.13506
37122,156.24878
37123,292.43497
37124,131.955
37125,221.81444
37126,194.33052
37127,320.7719
37128,269.4476
37129,198.19754
37130,383.88858
37131,180.15546
37132,894.1843
37133,269.16397
37134,208.99591
37135,272.94614
37136,234.8595
37137,108.16519
37138,460.08704
37139,282.28738
37140,70.65634
37141,173.90602
37142,242.85417
37143,218.81099
37144,549.0009
37145,203.2234
37146,205.53635
37147,196.33293
37148,197.46295
37149,226.33545
37150,283.51437
37151,492.72424
37152,287.74454
37153,299.78757
37154,227.50626
37155,266.9842
37156,634.62933
37157,163.04678
37158,502.04068
37159,285.95605
37160,207.90279
37161,225.37529
37162,1231.1243
37163,182.62494
37164,158.03438
37165,187.40846
37166,189.18257
37167,346.6842
37168,93.95367
37169,173.45923
37170,255.70834
37171,193.5981
37172,187.93697
37173,219.43198
37174,290.49228
37175,235.42964
37176,177.87904
37177,232.73602
37178,145.71907
37179,323.49475
37180,274.16025
37181,239.68356
37182,365.09705
37183,899.8167
37184,265.34662
37185,260.7067
37186,344.84488
37187,443.40768
37188,402.07324
37189,615.97296
37190,279.73282
37191,611.19934
37192,204.39505
37193,449.33707
37194,141.98083
37195,325.99097
37196,154.75175
37197,384.93063
37198,896.4528
37199,301.51874
37200,129.21895
37201,83.915794
37202,103.86541
37203,268.11615
37204,349.72168
37205,201.87389
37206,213.64886
37207,417.54285
37208,328.06485
37209,297.76953
37210,279.18253
37211,620.7641
37212,717.61896
37213,476.2446
37214,531.9273
37215,160.14365
37216,319.7431
37217,225.99153
37218,305.84775
37219,211.72812
37220,161.63156
37221,479.0885
37222,150.41869
37223,191.96457
37224,409.2887
37225,128.2573
37226,1251.2336
37227,675.6187
37228,235.43095
37229,276.12286
37230,228.25049
37231,702.1417
37232,216.94867
37233,311.3773
37234,156.16496
37235,339.41
37236,194.93253
37237,164.32239
37238,222.73495
37239,319.01285
37240,229.25339
37241,295.3289
37242,145.0983
37243,114.871666
37244,97.96465
37245,164.906
37246,217.6002
37247,337.58386
37248,249.01353
37249,409.65945
37250,199.97853
37251,175.91684
37252,155.23123
37253,1292.2606
37254,423.5914
37255,165.63954
37256,204.8353
37257,383.2192
37258,241.33212
37259,452.73883
37260,365.31326
37261,333.48465
37262,134.39146
37263,490.6473
37264,281.99133
37265,254.02927
37266,463.06668
37267,231.6114
37268,230.10289
37269,211.14612
37270,241.16013
37271,312.47614
37272,627.14417
37273,236.08768
37274,125.45313
37275,786.43616
37276,309.02573
37277,555.804
37278,297.12143
37279,182.08072
37280,57.749084
37281,566.24554
37282,442.01773
37283,900.39594
37284,165.16507
37285,448.13388
37286,296.52365
37287,265.58286
37288,253.95512
37289,1017.8081
37290,195.32133
37291,130.05675
37292,197.7772
37293,378.60947
37294,199.71837
37295,451.08826
37296,131.41724
37297,448.55865
37298,73.7419
37299,349.2755
37300,202.00687
37301,197.93727
37302,294.78598
37303,169.64455
37304,432.30322
37305,286.9358
37306,349.86282
37307,299.7964
37308,182.75203
37309,421.67206
37310,195.79942
37311,116.711586
37312,178.47687
37313,351.16623
37314,480.04935
37315,239.54904
37316,301.9666
37317,281.545
37318,188.79652
37319,121.14983
37320,624.1514
37321,207.06271
37322,176.51978
37323,197.21631
37324,161.41849
37325,258.4569
37326,213.78926
37327,236.33636
37328,356.59244
37329,140.9329
37330,187.42664
37331,488.5037
37332,118.97003
37333,210.26073
37334,613.69666
37335,278.56274
37336,97.02674
37337,248.82095
37338,215.64455
37339,515.1997
37340,433.33273
37341,249.77274
37342,242.69693
37343,302.2772
37344,418.5523
37345,185.50363
37346,275.7183
37347,181.62825
37348,304.51324
37349,123.6231
37350,235.09938
37351,118.94862
37352,207.0005
37353,304.41586
37354,116.932846
37355,429.42807
37356,189.44572
37357,157.89626
37358,269.27643
37359,210.35284
37360,608.70905
37361,309.60757
37362,354.581
37363,122.033806
37364,430.23737
37365,138.29689
37366,201.4148
37367,385.23492
37368,274.2649
37369,721.3951
37370,984.1929
37371,93.222595
37372,236.35637
37373,495.44077
37374,217.74622
37375,289.86737
37376,138.39952
37377,498.6703
37378,353.32077
37379,154.76955
37380,107.27654
37381,149.8521
37382,244.41682
37383,265.9424
37384,524.3084
37385,129.00984
37386,230.36855
37387,525.88947
37388,219.63739
37389,313.2723
37390,281.3035
37391,137.31001
37392,964.95526
37393,181.1407
37394,857.9715
37395,207.79855
37396,386.40924
37397,119.8704
37398,136.26674
37399,174.5162
37400,156.55258
37401,143.34409
37402,275.1852
37403,478.4328
37404,254.68382
37405,438.93875
37406,550.2405
37407,553.74634
37408,179.2769
37409,284.96896
37410,184.44458
37411,580.02795
37412,303.13745
37413,138.7349
37414,207.33385
37415,511.89267
37416,374.32852
37417,329.42307
37418,496.0665
37419,242.9153
37420,78.67066
37421,234.78593
37422,114.09051
37423,130.93932
37424,354.17627
37425,348.30792
37426,237.58005
37427,257.19846
37428,346.93542
37429,136.5729
37430,146.12206
37431,157.84828
37432,965.6198
37433,160.65585
37434,163.07547
37435,261.81973
37436,427.29218
37437,163.45174
37438,250.49553
37439,217.63889
37440,135.58284
37441,130.47307
37442,601.07294
37443,286.0897
37444,175.98108
37445,447.66226
37446,1008.2679
37447,158.02542
37448,161.03096
37449,280.63095
37450,135.04103
37451,193.72678
37452,309.31195
37453,177.21706
37454,336.01117
37455,285.03305
37456,109.33474
37457,278.46713
37458,142.51505
37459,254.82104
37460,144.31071
37461,131.94562
37462,216.21553
37463,92.00566
37464,174.70413
37465,192.01102
37466,268.40988
37467,420.31973
37468,217.57506
37469,120.126114
37470,222.43839
37471,165.31805
37472,149.91568
37473,146.30557
37474,233.40605
37475,601.9769
37476,576.6968
37477,322.49503
37478,179.978
37479,208.93088
37480,624.44916
37481,289.24765
37482,277.4544
37483,245.10704
37484,118.130905
37485,226.8917
37486,559.0235
37487,601.9941
37488,147.62207
37489,505.2702
37490,471.21075
37491,167.1758
37492,367.23022
37493,188.70769
37494,165.8499
37495,218.4024
37496,356.06845
37497,211.05637
37498,345.49792
37499,152.7438
37500,409.71164
37501,232.76163
37502,193.27888
37503,169.1716
37504,126.76424
37505,168.81029
37506,209.39336
37507,515.56836
37508,412.615
37509,212.26624
37510,324.8581
37511,359.2487
37512,398.05353
37513,209.89876
37514,474.99695
37515,201.1303
37516,168.91936
37517,262.57642
37518,200.40196
37519,424.38626
37520,351.47266
37521,777.06525
37522,170.32982
37523,308.84805
37524,315.75626
37525,139.81038
37526,236.73866
37527,255.09415
37528,208.01596
37529,142.50967
37530,165.79213
37531,75.94529
37532,227.83577
37533,143.55328
37534,151.71501
37535,310.37503
37536,239.30481
37537,178.90845
37538,313.8587
37539,540.5923
37540,112.23301
37541,207.86911
37542,146.30464
37543,157.25124
37544,183.10388
37545,336.15396
37546,315.30484
37547,199.12106
37548,253.37485
37549,80.73423
37550,138.91339
37551,295.93033
37552,226.28284
37553,185.34274
37554,170.69884
37555,236.13374
37556,185.81482
37557,394.56244
37558,856.0007
37559,177.60092
37560,153.33855
37561,491.71542
37562,149.127
37563,298.64325
37564,209.49347
37565,228.27214
37566,445.93658
37567,882.304
37568,823.1855
37569,142.86276
37570,360.18817
37571,142.09846
37572,228.91698
37573,110.62491
37574,273.2876
37575,265.4269
37576,359.10703
37577,546.5485
37578,306.22867
37579,271.62952
37580,307.62344
37581,103.43769
37582,198.29254
37583,158.57176
37584,384.19568
37585,224.30602
37586,192.1249
37587,96.2031
37588,186.78053
37589,125.915276
37590,411.64514
37591,117.43261
37592,269.0745
37593,245.67824
37594,221.19974
37595,130.32646
37596,230.12991
37597,139.13329
37598,139.90573
37599,183.71863
37600,228.72661
37601,149.61461
37602,141.5156
37603,192.18433
37604,608.2036
37605,123.554634
37606,168.9245
37607,162.95619
37608,249.03844
37609,383.8732
37610,194.57991
37611,147.75244
37612,241.4851
37613,419.17642
37614,573.29407
37615,275.41064
37616,728.85
37617,171.27113
37618,193.36316
37619,278.1507
37620,186.74416
37621,160.27748
37622,189.33174
37623,276.4806
37624,586.16156
37625,562.9406
37626,160.0618
37627,139.51576
37628,130.65869
37629,288.22238
37630,288.93695
37631,169.13213
37632,314.38034
37633,605.038
37634,590.67487
37635,1214.8502
37636,134.55588
37637,587.58826
37638,146.2136
37639,278.1507
37640,219.42802
37641,189.5275
37642,133.01895
37643,133.53949
37644,542.3053
37645,150.08316
37646,359.6426
37647,519.5414
37648,350.53854
37649,86.21003
37650,226.5451
37651,240.73615
37652,472.51886
37653,157.57863
37654,233.80516
37655,395.9308
37656,208.98932
37657,209.05374
37658,193.63228
37659,130.77657
37660,130.81886
37661,213.06552
37662,279.77545
37663,191.89226
37664,307.4894
37665,411.1358
37666,325.36984
37667,170.27654
37668,284.13608
37669,183.43509
37670,132.79333
37671,253.26436
37672,356.31653
37673,187.71643
37674,176.34906
37675,221.66254
37676,239.8445
37677,227.95639
37678,252.41353
37679,827.396
37680,295.11047
37681,225.0134
37682,123.7078
37683,225.3009
37684,317.44116
37685,518.1099
37686,308.50742
37687,136.1878
37688,387.7032
37689,144.98923
37690,265.0817
37691,218.5155
37692,165.94107
37693,137.95117
37694,289.1794
37695,256.25015
37696,231.05098
37697,447.49554
37698,237.76764
37699,413.8897
37700,80.57903
37701,177.9077
37702,150.84439
37703,256.70255
37704,524.63043
37705,199.49297
37706,703.4171
37707,220.07756
37708,227.48337
37709,149.28564
37710,126.52754
37711,164.61569
37712,156.62283
37713,227.79477
37714,146.08746
37715,477.78772
37716,312.54013
37717,139.08752
37718,346.4806
37719,230.56941
37720,215.23247
37721,279.73862
37722,207.28337
37723,457.27155
37724,395.97214
37725,383.34277
37726,396.9908
37727,150.068
37728,169.03613
37729,183.85013
37730,279.12796
37731,156.19525
37732,166.09453
37733,306.9366
37734,221.73894
37735,449.1708
37736,106.575485
37737,397.59045
37738,293.0042
37739,217.9179
37740,278.80316
37741,168.8581
37742,167.65852
37743,487.10922
37744,406.65988
37745,77.61469
37746,265.65588
37747,120.67012
37748,207.00146
37749,217.04228
37750,304.36066
37751,196.15698
37752,137.2269
37753,261.70453
37754,195.26306
37755,133.55432
37756,301.87
37757,282.56958
37758,208.60596
37759,337.69122
37760,288.7696
37761,141.32947
37762,487.2708
37763,594.1784
37764,375.98105
37765,419.4366
37766,98.764175
37767,184.58134
37768,200.71419
37769,277.3954
37770,147.02098
37771,244.4353
37772,422.7262
37773,133.29033
37774,784.7985
37775,119.85933
37776,156.51717
37777,134.30504
37778,208.68207
37779,186.35474
37780,222.87231
37781,134.7962
37782,364.44122
37783,184.20927
37784,597.14954
37785,118.96735
37786,279.7063
37787,850.475
37788,47.835537
37789,205.20685
37790,169.71031
37791,401.6363
37792,351.5955
37793,503.19604
37794,310.48145
37795,253.3754
37796,1348.2126
37797,146.37949
37798,142.74118
37799,392.89066
37800,258.55347
37801,228.27148
37802,134.13454
37803,102.0792
37804,215.63835
37805,293.86377
37806,395.4651
37807,129.30992
37808,289.6454
37809,284.31592
37810,281.53796
37811,250.39871
37812,219.52322
37813,270.5533
37814,391.81763
37815,135.2643
37816,189.97418
37817,421.38663
37818,306.239
37819,511.12802
37820,157.95506
37821,551.4711
37822,95.47913
37823,204.00691
37824,441.8895
37825,160.13342
37826,91.069275
37827,207.75815
37828,157.2582
37829,270.97778
37830,210.50388
37831,153.81894
37832,796.8849
37833,452.91718
37834,735.8963
37835,149.0796
37836,140.87926
37837,365.6317
37838,329.9869
37839,147.4809
37840,213.01372
37841,157.15192
37842,91.030975
37843,146.09119
37844,436.01132
37845,338.28104
37846,239.75745
37847,240.65134
37848,144.54054
37849,315.81763
37850,170.32518
37851,186.65971
37852,453.87668
37853,153.00687
37854,180.81087
37855,342.31094
37856,104.66684
37857,117.59299
37858,273.30338
37859,167.30411
37860,410.1588
37861,304.11224
37862,678.1943
37863,351.64874
37864,273.01456
37865,399.63922
37866,1030.2925
37867,256.4755
37868,509.73337
37869,145.06248
37870,282.2261
37871,160.46373
37872,352.08383
37873,147.25989
37874,606.2307
37875,749.95166
37876,167.9284
37877,283.41388
37878,216.61244
37879,115.55737
37880,117.71602
37881,191.30217
37882,257.89026
37883,277.4662
37884,98.54471
37885,334.83044
37886,618.5858
37887,347.58636
37888,226.90738
37889,436.16953
37890,233.26993
37891,257.8817
37892,134.55057
37893,215.71588
37894,141.40482
37895,811.1373
37896,468.85233
37897,200.99854
37898,455.64673
37899,181.13292
37900,338.29434
37901,456.90204
37902,219.19136
37903,197.75592
37904,518.1745
37905,209.96817
37906,96.84738
37907,305.77344
37908,303.02036
37909,174.88931
37910,176.82085
37911,361.1154
37912,405.5165
37913,253.00238
37914,102.244415
37915,344.48328
37916,470.98553
37917,84.85041
37918,537.63245
37919,182.71066
37920,313.8281
37921,154.88928
37922,230.44838
37923,125.47616
37924,428.01135
37925,93.986565
37926,207.4334
37927,205.3653
37928,281.3431
37929,278.89557
37930,479.31622
37931,169.48041
37932,188.07693
37933,725.79803
37934,122.72101
37935,262.58844
37936,214.60869
37937,402.86295
37938,207.97806
37939,185.88193
37940,261.83005
37941,369.24796
37942,240.91675
37943,1073.6888
37944,123.98442
37945,556.6412
37946,377.5608
37947,100.755745
37948,187.05498
37949,436.8524
37950,353.42166
37951,213.90042
37952,495.00046
37953,168.46634
37954,255.91812
37955,91.29862
37956,482.56128
37957,114.09248
37958,146.42642
37959,755.0071
37960,244.35774
37961,222.85641
37962,192.19296
37963,176.19885
37964,217.55641
37965,333.21765
37966,416.0091
37967,396.7922
37968,160.06007
37969,167.94301
37970,274.85892
37971,411.24677
37972,126.80644
37973,257.49686
37974,313.85095
37975,208.22855
37976,173.05571
37977,234.65764
37978,400.362
37979,182.45062
37980,168.52757
37981,484.61557
37982,297.69873
37983,340.46823
37984,207.18137
37985,177.57779
37986,156.87111
37987,336.0575
37988,210.85277
37989,174.45622
37990,545.1164
37991,186.67212
37992,211.4152
37993,205.7022
37994,100.032166
37995,161.57903
37996,185.13248
37997,201.08798
37998,130.94397
37999,167.12679
38000,153.07462
38001,278.96396
38002,90.17777
38003,151.98688
38004,99.060486
38005,315.3121
38006,168.3372
38007,466.69098
38008,248.29132
38009,190.9781
38010,338.72363
38011,448.4952
38012,169.11618
38013,185.87354
38014,424.09375
38015,222.26398
38016,115.59943
38017,140.65474
38018,161.62433
38019,312.48477
38020,184.06107
38021,253.47168
38022,205.74765
38023,459.96616
38024,310.28094
38025,143.74751
38026,87.66802
38027,201.0836
38028,842.6021
38029,188.47234
38030,1183.7671
38031,133.05673
38032,69.222435
38033,439.68918
38034,194.64525
38035,200.07707
38036,144.92941
38037,230.12619
38038,84.415634
38039,297.45547
38040,267.90863
38041,303.46884
38042,456.05762
38043,124.76612
38044,431.48032
38045,187.38263
38046,174.96313
38047,207.58044
38048,618.7314
38049,403.33154
38050,298.9132
38051,775.13885
38052,196.7031
38053,403.99094
38054,487.08646
38055,368.6147
38056,237.28358
38057,161.57567
38058,149.04637
38059,485.49896
38060,477.49484
38061,146.03253
38062,604.38617
38063,421.66214
38064,261.97977
38065,149.25238
38066,291.28058
38067,268.26947
38068,250.2321
38069,166.61615
38070,565.00287
38071,202.92166
38072,362.53696
38073,178.04298
38074,232.73433
38075,117.782364
38076,228.60555
38077,504.182
38078,150.60957
38079,259.61816
38080,308.18137
38081,194.43617
38082,391.65903
38083,275.21738
38084,341.4947
38085,331.42865
38086,444.76575
38087,391.61734
38088,281.10315
38089,445.72516
38090,226.92665
38091,118.06188
38092,121.1326
38093,259.46606
38094,619.1001
38095,293.69492
38096,229.25255
38097,213.21114
38098,298.14566
38099,931.798
38100,501.7355
38101,197.02972
38102,211.96434
38103,125.598076
38104,183.84105
38105,250.54652
38106,330.60703
38107,113.307816
38108,161.12334
38109,637.35864
38110,108.70688
38111,443.64114
38112,222.17184
38113,244.0607
38114,298.56104
38115,618.49243
38116,223.05585
38117,146.64876
38118,126.391045
38119,257.25027
38120,403.42004
38121,132.93721
38122,348.5352
38123,329.84662
38124,228.48401
38125,294.65543
38126,220.82059
38127,462.3835
38128,203.73167
38129,187.19168
38130,256.8338
38131,286.64505
38132,417.7441
38133,210.585
38134,174.07164
38135,249.44182
38136,190.19151
38137,170.2714
38138,353.02933
38139,212.10425
38140,548.799
38141,438.57645
38142,267.10654
38143,189.90207
38144,229.10378
38145,348.01324
38146,232.96858
38147,642.2243
38148,171.39397
38149,274.11987
38150,145.36798
38151,308.17624
38152,89.3697
38153,203.93495
38154,155.05438
38155,232.98418
38156,207.30992
38157,158.64168
38158,528.1457
38159,236.18643
38160,690.06866
38161,292.08017
38162,253.63335
38163,369.35248
38164,91.210434
38165,169.0478
38166,393.36276
38167,180.09619
38168,177.05388
38169,523.97235
38170,250.50964
38171,524.8421
38172,175.76067
38173,436.5036
38174,447.328
38175,251.68939
38176,303.02783
38177,335.64966
38178,255.89505
38179,394.16925
38180,204.42497
38181,154.15393
38182,229.54973
38183,346.68533
38184,369.00787
38185,114.383934
38186,295.01083
38187,252.10048
38188,248.25941
38189,360.34174
38190,210.57411
38191,199.69777
38192,193.2914
38193,272.67545
38194,428.91226
38195,104.507965
38196,458.3014
38197,173.27695
38198,208.51138
38199,276.52637
38200,266.67538
38201,133.58394
38202,174.80052
38203,456.793
38204,166.65967
38205,203.60042
38206,393.01486
38207,217.89775
38208,449.50848
38209,193.5324
38210,303.32425
38211,431.9586
38212,155.28885
38213,655.00964
38214,159.29051
38215,140.19281
38216,163.22748
38217,201.06612
38218,218.03358
38219,181.74965
38220,160.20697
38221,338.2519
38222,159.77652
38223,167.42621
38224,229.90703
38225,196.53416
38226,227.01936
38227,202.57588
38228,772.7865
38229,144.98431
38230,232.43541
38231,239.69418
38232,205.49341
38233,63.666992
38234,267.7461
38235,311.63525
38236,733.51965
38237,132.23326
38238,130.38234
38239,229.67723
38240,125.5323
38241,123.8346
38242,199.98453
38243,259.84958
38244,419.0808
38245,221.45082
38246,133.41115
38247,477.87122
38248,131.85164
38249,355.13693
38250,78.49778
38251,262.3311
38252,184.78824
38253,263.91534
38254,176.36784
38255,207.79494
38256,197.60785
38257,229.24197
38258,252.30695
38259,277.55515
38260,203.17442
38261,106.62231
38262,255.17183
38263,132.95108
38264,252.62187
38265,220.5391
38266,330.10703
38267,272.98007
38268,144.30148
38269,193.48114
38270,808.4064
38271,385.19507
38272,203.10895
38273,184.64223
38274,176.22658
38275,84.8559
38276,127.97837
38277,407.69385
38278,182.86075
38279,252.86012
38280,400.79745
38281,115.84024
38282,844.1779
38283,213.47502
38284,282.02625
38285,755.3231
38286,343.75906
38287,241.45888
38288,97.98223
38289,136.14583
38290,227.51222
38291,599.41504
38292,138.09349
38293,187.1913
38294,208.27475
38295,493.9932
38296,220.1089
38297,191.65672
38298,455.92743
38299,501.22293
38300,146.83568
38301,313.5975
38302,285.11496
38303,321.14893
38304,153.69452
38305,319.47925
38306,423.59247
38307,232.34077
38308,321.06998
38309,137.47147
38310,434.63147
38311,198.41461
38312,203.10114
38313,161.67589
38314,136.9842
38315,204.57254
38316,148.05006
38317,217.06651
38318,386.45187
38319,192.26158
38320,414.3688
38321,305.12543
38322,189.77336
38323,135.70035
38324,684.8358
38325,180.90886
38326,379.30435
38327,165.11989
38328,177.07089
38329,433.2831
38330,378.90222
38331,162.36903
38332,114.530304
38333,143.2561
38334,180.02702
38335,197.37314
38336,267.86295
38337,113.80647
38338,150.12694
38339,360.34143
38340,226.17853
38341,572.7446
38342,328.94608
38343,296.4254
38344,220.39778
38345,192.1412
38346,189.56581
38347,962.3703
38348,557.3232
38349,246.45491
38350,100.21608
38351,314.27148
38352,167.14883
38353,608.32654
38354,100.887146
38355,239.9786
38356,282.41977
38357,251.92175
38358,239.42737
38359,146.40585
38360,269.54745
38361,118.08558
38362,409.9883
38363,202.29492
38364,369.52927
38365,233.78969
38366,275.71146
38367,82.84745
38368,146.89743
38369,299.76117
38370,419.68686
38371,401.76205
38372,495.49646
38373,457.18976
38374,191.53233
38375,1297.1489
38376,175.51947
38377,191.06383
38378,236.85783
38379,178.27019
38380,214.71873
38381,275.39896
38382,256.0902
38383,440.54626
38384,278.1085
38385,355.08356
38386,117.74684
38387,268.81
38388,540.3927
38389,342.36685
38390,221.3036
38391,219.1891
38392,168.44087
38393,250.97536
38394,312.47104
38395,852.95404
38396,121.3081
38397,186.64935
38398,290.26947
38399,233.99164
38400,236.06566
38401,182.14383
38402,328.267
38403,130.959
38404,147.4307
38405,161.2991
38406,281.97644
38407,239.11406
38408,204.70442
38409,129.42947
38410,169.90234
38411,186.99356
38412,213.43413
38413,201.88821
38414,255.30531
38415,474.12317
38416,203.81136
38417,856.84595
38418,195.63295
38419,136.1537
38420,368.66736
38421,330.45905
38422,130.88823
38423,119.19369
38424,551.0184
38425,206.2373
38426,180.89961
38427,576.5289
38428,135.95285
38429,421.33582
38430,238.88235
38431,143.23856
38432,452.6813
38433,164.68837
38434,285.5832
38435,422.10458
38436,166.86575
38437,255.7657
38438,285.63345
38439,238.41428
38440,277.1841
38441,464.15442
38442,367.3174
38443,324.32004
38444,549.9548
38445,275.49277
38446,271.29294
38447,361.09235
38448,275.51385
38449,468.76886
38450,283.4414
38451,663.83545
38452,218.16599
38453,519.50665
38454,91.83224
38455,147.13007
38456,121.103676
38457,287.4583
38458,150.62646
38459,966.65546
38460,261.11588
38461,190.8994
38462,566.83673
38463,192.4226
38464,226.37556
38465,612.7299
38466,291.9618
38467,442.75696
38468,506.89606
38469,195.02592
38470,329.13644
38471,435.77603
38472,204.62244
38473,222.11525
38474,99.98902
38475,386.7658
38476,334.5222
38477,239.18158
38478,612.45605
38479,186.54558
38480,177.5772
38481,492.46082
38482,736.06116
38483,156.70378
38484,142.24417
38485,133.0934
38486,150.93971
38487,354.92682
38488,133.57257
38489,312.5211
38490,189.39098
38491,453.16882
38492,235.86108
38493,174.91272
38494,247.38358
38495,545.45844
38496,315.48975
38497,265.87027
38498,210.92224
38499,254.00623
38500,346.2254
38501,390.96594
38502,116.55446
38503,186.46634
38504,160.30019
38505,337.49176
38506,478.4472
38507,205.4542
38508,99.66941
38509,252.62842
38510,330.7297
38511,297.05856
38512,200.84184
38513,222.69766
38514,149.51839
38515,456.9338
38516,261.274
38517,140.31549
38518,195.41982
38519,342.38556
38520,207.76581
38521,196.7513
38522,486.67944
38523,221.12987
38524,229.21696
38525,220.77374
38526,250.48868
38527,618.60583
38528,320.88837
38529,418.5172
38530,438.08847
38531,448.74728
38532,134.09502
38533,153.35146
38534,162.30382
38535,209.5552
38536,1015.68744
38537,156.98695
38538,375.73212
38539,182.33989
38540,245.14641
38541,97.85191
38542,207.76831
38543,132.4863
38544,119.29888
38545,532.758
38546,173.05406
38547,375.7078
38548,362.77618
38549,191.88684
38550,426.47772
38551,1203.006
38552,128.18317
38553,191.4683
38554,235.79176
38555,328.8665
38556,432.52933
38557,215.96027
38558,149.50424
38559,178.42746
38560,271.8095
38561,298.63965
38562,204.46523
38563,157.78915
38564,318.93115
38565,124.73128
38566,296.77835
38567,172.77219
38568,248.48103
38569,121.22823
38570,180.48544
38571,148.64738
38572,244.83337
38573,346.4283
38574,261.15924
38575,150.72662
38576,276.90347
38577,307.90128
38578,193.09593
38579,263.8345
38580,161.89989
38581,272.73547
38582,158.30133
38583,177.80807
38584,171.85895
38585,523.0004
38586,179.96579
38587,438.1974
38588,116.11914
38589,715.32996
38590,233.55696
38591,118.26005
38592,114.22946
38593,159.08995
38594,367.58768
38595,326.4037
38596,83.782
38597,251.95576
38598,169.87334
38599,97.0079
38600,175.22864
38601,395.66232
38602,357.03156
38603,291.7576
38604,191.20265
38605,263.9033
38606,263.48557
38607,126.08511
38608,136.7962
38609,268.1151
38610,383.76126
38611,88.482544
38612,344.0346
38613,104.18047
38614,221.33588
38615,136.68344
38616,490.9693
38617,194.81976
38618,259.2166
38619,691.4036
38620,137.34221
38621,239.04094
38622,169.80167
38623,136.24196
38624,170.93732
38625,872.09534
38626,233.42488
38627,332.24948
38628,289.12067
38629,195.14555
38630,167.29973
38631,839.35065
38632,129.44357
38633,180.0858
38634,133.84952
38635,213.30461
38636,113.81249
38637,129.39636
38638,234.04375
38639,162.92162
38640,537.54877
38641,378.74637
38642,247.49165
38643,188.85757
38644,229.26309
38645,336.83447
38646,228.9626
38647,190.94527
38648,246.0711
38649,114.37901
38650,202.74821
38651,142.44005
38652,256.79996
38653,233.81242
38654,190.47586
38655,140.1208
38656,232.29877
38657,430.8478
38658,334.30386
38659,303.86453
38660,148.25015
38661,459.91882
38662,621.04614
38663,789.5265
38664,147.5332
38665,201.64717
38666,469.83664
38667,290.66837
38668,230.35683
38669,570.465
38670,201.99976
38671,250.40567
38672,361.49808
38673,181.39424
38674,139.93361
38675,327.40555
38676,310.585
38677,329.05795
38678,180.39111
38679,227.56216
38680,138.59946
38681,240.11462
38682,247.80182
38683,545.99133
38684,196.18083
38685,402.43933
38686,165.85861
38687,187.33093
38688,161.74751
38689,197.50868
38690,670.7876
38691,607.22205
38692,334.71887
38693,113.3344
38694,165.02235
38695,167.30234
38696,378.88416
38697,205.20728
38698,168.11353
38699,174.50638
38700,340.62967
38701,258.8388
38702,186.47926
38703,163.60416
38704,172.02695
38705,516.2229
38706,109.537094
38707,185.7379
38708,353.14844
38709,419.52365
38710,391.50662
38711,241.6517
38712,276.91934
38713,463.84702
38714,155.27234
38715,682.2526
38716,296.55252
38717,458.42493
38718,270.37958
38719,143.56477
38720,204.71404
38721,487.9635
38722,116.206665
38723,89.889336
38724,515.1457
38725,234.33713
38726,255.4925
38727,850.73987
38728,710.6813
38729,269.1064
38730,287.22247
38731,336.29495
38732,546.85956
38733,1222.7711
38734,221.81818
38735,164.34023
38736,705.6411
38737,230.38321
38738,381.257
38739,241.73492
38740,197.58737
38741,158.47902
38742,717.30835
38743,324.45175
38744,424.76907
38745,280.13632
38746,484.9686
38747,143.66232
38748,214.93814
38749,311.75555
38750,249.9502
38751,267.38306
38752,160.9932
38753,701.3553
38754,204.79698
38755,751.9559
38756,192.98105
38757,169.03625
38758,164.78438
38759,309.92358
38760,420.83075
38761,404.19247
38762,173.61531
38763,768.4167
38764,133.12439
38765,211.84819
38766,195.94461
38767,257.5742
38768,374.70596
38769,894.03125
38770,119.317184
38771,404.04886
38772,327.48184
38773,266.36743
38774,461.74216
38775,294.15234
38776,499.7654
38777,303.81213
38778,652.8374
38779,242.11847
38780,217.06715
38781,132.08562
38782,783.49243
38783,132.36613
38784,199.68002
38785,272.04932
38786,267.6028
38787,289.04346
38788,196.6221
38789,363.56192
38790,178.32729
38791,269.95227
38792,202.94437
38793,237.5486
38794,93.75278
38795,160.93544
38796,132.3809
38797,132.93828
38798,198.12894
38799,355.1703
38800,216.74643
38801,461.81998
38802,507.75906
38803,206.53725
38804,401.17584
38805,360.34705
38806,241.15363
38807,522.7177
38808,358.04562
38809,185.40236
38810,204.08662
38811,321.973
38812,306.99423
38813,284.19702
38814,174.92467
38815,280.1978
38816,264.31992
38817,394.63696
38818,336.81744
38819,155.03355
38820,206.13062
38821,618.9262
38822,385.56982
38823,245.12352
38824,84.41851
38825,201.82945
38826,324.52203
38827,395.23254
38828,247.79448
38829,132.30125
38830,607.48987
38831,145.94493
38832,215.21796
38833,297.33075
38834,371.6179
38835,279.92807
38836,230.68762
38837,206.30928
38838,155.69762
38839,522.9868
38840,172.7792
38841,420.74222
38842,195.34499
38843,748.2864
38844,162.09953
38845,296.27637
38846,157.36682
38847,422.8752
38848,319.75916
38849,177.25948
38850,144.82413
38851,434.7522
38852,213.12985
38853,226.5413
38854,238.25247
38855,219.54721
38856,121.582756
38857,337.48648
38858,160.1732
38859,246.27133
38860,178.65361
38861,289.69278
38862,192.32338
38863,217.02031
38864,183.13606
38865,374.64853
38866,217.35352
38867,347.2053
38868,477.9652
38869,133.60226
38870,764.24536
38871,373.2029
38872,536.3303
38873,173.06253
38874,349.07758
38875,402.17468
38876,161.60979
38877,527.3089
38878,214.15091
38879,333.46317
38880,143.16597
38881,345.83557
38882,102.71702
38883,134.3961
38884,112.814384
38885,262.90665
38886,297.1067
38887,588.216
38888,192.73329
38889,448.42963
38890,200.85083
38891,217.0296
38892,211.42488
38893,616.2706
38894,210.32993
38895,233.67302
38896,132.7313
38897,244.07976
38898,205.94566
38899,277.07303
38900,178.88268
38901,283.95032
38902,171.78156
38903,207.5735
38904,114.850525
38905,145.67274
38906,160.72603
38907,306.7125
38908,312.52777
38909,290.458
38910,209.07344
38911,164.59006
38912,215.16266
38913,269.5343
38914,378.4192
38915,215.00615
38916,202.85747
38917,212.7093
38918,1137.5946
38919,145.31197
38920,300.969
38921,157.41
38922,206.47318
38923,268.9018
38924,279.93106
38925,329.5278
38926,843.9059
38927,212.46655
38928,156.80731
38929,162.71301
38930,227.0666
38931,226.40318
38932,117.371376
38933,173.21027
38934,723.3086
38935,358.29385
38936,359.2894
38937,289.72827
38938,217.42195
38939,160.4816
38940,123.95738
38941,78.21889
38942,181.42796
38943,514.7633
38944,179.91864
38945,299.39282
38946,521.371
38947,548.3155
38948,171.35939
38949,86.55484
38950,154.02477
38951,250.71054
38952,214.47641
38953,190.17003
38954,223.87657
38955,154.23018
38956,282.72363
38957,686.29785
38958,243.63077
38959,249.28485
38960,164.59427
38961,160.98438
38962,388.7769
38963,571.1099
38964,307.3007
38965,203.48296
38966,276.45264
38967,352.77213
38968,294.34485
38969,830.977
38970,247.43166
38971,230.72649
38972,244.43181
38973,254.98349
38974,416.13992
38975,377.99573
38976,230.90698
38977,268.97308
38978,147.5846
38979,166.94246
38980,514.4154
38981,126.379395
38982,149.10498
38983,156.76497
38984,209.65378
38985,325.08414
38986,466.27676
38987,300.58804
38988,426.87485
38989,146.66391
38990,224.84744
38991,763.46136
38992,220.32126
38993,258.06784
38994,284.22318
38995,232.26764
38996,483.47452
38997,234.72092
38998,161.4874
38999,149.69781
39000,196.9699
39001,171.19255
39002,304.26196
39003,509.40155
39004,133.28285
39005,179.95113
39006,287.60583
39007,121.26684
39008,397.1493
39009,211.36084
39010,123.94429
39011,268.68436
39012,303.38553
39013,682.9738
39014,216.52045
39015,312.43594
39016,303.6497
39017,200.97789
39018,247.65215
39019,172.73126
39020,247.70761
39021,209.03003
39022,246.88719
39023,186.5138
39024,283.44296
39025,277.83752
39026,504.42813
39027,313.17587
39028,132.90146
39029,359.90524
39030,179.58145
39031,950.7968
39032,151.75362
39033,143.07637
39034,288.91623
39035,185.69055
39036,132.00522
39037,223.86089
39038,527.7816
39039,420.3967
39040,162.24011
39041,282.15378
39042,304.46326
39043,336.0154
39044,171.8394
39045,203.5626
39046,271.01495
39047,199.76863
39048,288.3921
39049,497.92795
39050,199.32657
39051,626.03394
39052,468.75714
39053,121.63285
39054,147.6664
39055,623.5999
39056,370.224
39057,483.73505
39058,346.0239
39059,343.6463
39060,393.54474
39061,191.598
39062,206.60948
39063,233.39633
39064,197.46417
39065,132.10529
39066,154.2989
39067,214.8192
39068,386.01077
39069,265.1866
39070,293.57672
39071,662.9819
39072,221.15854
39073,223.16743
39074,303.88327
39075,344.57544
39076,276.2178
39077,436.5924
39078,269.6146
39079,211.3542
39080,262.69772
39081,593.4679
39082,303.5842
39083,783.02844
39084,90.64725
39085,376.87317
39086,99.55677
39087,399.6825
39088,740.71625
39089,209.87537
39090,209.32286
39091,136.56546
39092,177.83243
39093,240.22173
39094,239.61479
39095,159.719
39096,358.6224
39097,532.6638
39098,283.0269
39099,545.1881
39100,184.12492
39101,581.1728
39102,142.87886
39103,109.2416
39104,446.63385
39105,205.41501
39106,219.60814
39107,536.55896
39108,215.26727
39109,341.5866
39110,551.90295
39111,212.47133
39112,395.60876
39113,203.32521
39114,225.86258
39115,135.00565
39116,202.47891
39117,408.21692
39118,330.0401
39119,1005.6494
39120,137.53801
39121,142.39139
39122,444.14413
39123,321.33472
39124,263.92383
39125,240.0235
39126,313.5881
39127,477.07285
39128,135.2103
39129,153.23724
39130,532.015
39131,278.83945
39132,140.72899
39133,257.89087
39134,171.97386
39135,238.65251
39136,207.96512
39137,236.97038
39138,411.84564
39139,500.61896
39140,146.57729
39141,172.25052
39142,310.6905
39143,253.87596
39144,151.15012
39145,139.83115
39146,191.22566
39147,280.60397
39148,211.5866
39149,159.96204
39150,277.744
39151,273.69427
39152,385.2302
39153,176.8665
39154,164.7407
39155,974.4603
39156,211.78307
39157,152.5944
39158,523.0821
39159,214.24066
39160,207.44012
39161,146.88641
39162,452.44144
39163,199.32103
39164,439.20685
39165,152.19371
39166,110.54942
39167,154.8293
39168,86.717415
39169,292.735
39170,71.87089
39171,160.78664
39172,404.9464
39173,505.2758
39174,139.17577
39175,166.28264
39176,289.41306
39177,118.2689
39178,187.48625
39179,300.74506
39180,185.77881
39181,269.0611
39182,140.37822
39183,608.38477
39184,273.98087
39185,638.03644
39186,462.07498
39187,797.59595
39188,101.68327
39189,117.42087
39190,428.6424
39191,348.19763
39192,230.79433
39193,484.26553
39194,283.07565
39195,242.66843
39196,243.11433
39197,666.7161
39198,238.92424
39199,206.8
39200,414.3386
39201,319.25403
39202,173.45596
39203,170.48058
39204,131.44484
39205,294.83722
39206,158.47552
39207,481.67737
39208,404.13785
39209,256.19116
39210,126.87197
39211,364.16574
39212,211.50977
39213,192.42474
39214,236.6551
39215,312.85376
39216,328.59778
39217,331.3324
39218,299.1387
39219,210.24817
39220,309.61594
39221,501.23944
39222,224.12105
39223,288.91516
39224,205.84998
39225,212.56898
39226,179.69086
39227,314.89417
39228,282.53244
39229,153.87587
39230,700.7454
39231,240.7161
39232,281.32074
39233,114.90655
39234,149.52599
39235,883.14453
39236,451.35712
39237,253.21216
39238,144.08797
39239,315.15402
39240,353.20392
39241,197.66394
39242,157.07413
39243,264.16534
39244,434.54764
39245,79.65131
39246,199.30484
39247,265.32672
39248,211.87378
39249,291.17966
39250,254.98993
39251,223.00192
39252,277.89502
39253,223.19333
39254,271.95667
39255,331.34137
39256,232.85303
39257,147.42903
39258,798.6904
39259,276.88773
39260,224.3188
39261,222.2351
39262,220.50607
39263,325.40866
39264,444.89352
39265,149.59445
39266,194.06891
39267,155.2164
39268,120.596825
39269,232.62364
39270,222.70673
39271,246.49615
39272,288.60776
39273,293.03067
39274,162.84366
39275,643.40314
39276,224.8
39277,150.01231
39278,231.98318
39279,490.95822
39280,233.96762
39281,267.81747
39282,390.6926
39283,195.902
39284,311.1259
39285,193.91988
39286,300.60745
39287,641.4556
39288,269.2265
39289,147.13263
39290,159.69844
39291,339.68954
39292,488.41092
39293,231.66997
39294,418.38208
39295,291.7445
39296,273.0767
39297,247.85596
39298,318.5428
39299,250.00888
39300,498.50513
39301,338.6217
39302,514.398
39303,587.89905
39304,184.03902
39305,154.96945
39306,173.08365
39307,289.20526
39308,197.84683
39309,203.41383
39310,240.1503
39311,143.55536
39312,441.3722
39313,257.69974
39314,196.93317
39315,156.34958
39316,1504.0088
39317,98.65895
39318,310.07468
39319,312.8795
39320,98.89117
39321,645.49207
39322,729.6451
39323,341.34338
39324,173.12544
39325,158.08711
39326,108.75346
39327,450.57928
39328,268.02524
39329,568.17175
39330,276.69153
39331,338.5921
39332,280.5863
39333,131.8277
39334,359.30783
39335,127.04216
39336,470.20407
39337,157.13876
39338,198.04059
39339,94.013405
39340,227.4926
39341,370.86288
39342,307.93216
39343,423.47784
39344,307.3981
39345,211.3929
39346,674.9193
39347,263.03195
39348,208.76283
39349,168.79642
39350,223.88472
39351,304.16315
39352,163.5512
39353,291.42212
39354,547.95654
39355,461.92365
39356,139.30667
39357,218.975
39358,145.55495
39359,194.0834
39360,312.18936
39361,205.98335
39362,133.9071
39363,210.50201
39364,102.1133
39365,131.1993
39366,272.5185
39367,445.9495
39368,284.8764
39369,331.13797
39370,157.18962
39371,85.64972
39372,235.56432
39373,129.21071
39374,231.42583
39375,304.16357
39376,141.23038
39377,263.03647
39378,136.66736
39379,191.41052
39380,181.84021
39381,251.8256
39382,619.81384
39383,214.38535
39384,102.86125
39385,154.05383
39386,256.88367
39387,181.5654
39388,279.01282
39389,388.06836
39390,228.3851
39391,173.63966
39392,240.29501
39393,182.72876
39394,411.05212
39395,168.92403
39396,214.66774
39397,290.37695
39398,455.71222
39399,387.55646
39400,161.96994
39401,293.2648
39402,132.63834
39403,468.6117
39404,267.93045
39405,293.10934
39406,231.79378
39407,235.10703
39408,90.91303
39409,116.20398
39410,307.88458
39411,439.40317
39412,214.22015
39413,164.00446
39414,606.2155
39415,184.29756
39416,592.9942
39417,250.00182
39418,196.98415
39419,118.04939
39420,151.50098
39421,159.80159
39422,175.54541
39423,293.0663
39424,533.26715
39425,202.89928
39426,193.5858
39427,229.08151
39428,122.89749
39429,274.82697
39430,100.42611
39431,395.19208
39432,281.2138
39433,425.50818
39434,292.9257
39435,1131.237
39436,255.73476
39437,129.52997
39438,153.39069
39439,117.327484
39440,194.18358
39441,136.65083
39442,205.17073
39443,286.82672
39444,494.5045
39445,124.27811
39446,138.23051
39447,177.729
39448,299.64664
39449,148.46657
39450,358.16342
39451,137.23718
39452,367.7078
39453,130.64203
39454,94.79524
39455,507.4649
39456,241.50966
39457,424.64413
39458,164.00412
39459,240.02884
39460,227.8698
39461,183.6478
39462,482.177
39463,123.18659
39464,289.73895
39465,135.90103
39466,610.78143
39467,130.26071
39468,678.5796
39469,259.06464
39470,289.92868
39471,499.49677
39472,134.07484
39473,280.95172
39474,570.8385
39475,246.38638
39476,704.5292
39477,325.0988
39478,142.04053
39479,155.14145
39480,178.76694
39481,185.45093
39482,147.06566
39483,398.34546
39484,305.2376
39485,143.13704
39486,411.04053
39487,408.18384
39488,258.0587
39489,338.09277
39490,143.90274
39491,336.4928
39492,225.2278
39493,609.2222
39494,546.6449
39495,371.69504
39496,426.0796
39497,626.57275
39498,599.5404
39499,247.70515
39500,147.61499
39501,239.27306
39502,536.1011
39503,190.20868
39504,127.249176
39505,259.3052
39506,180.5571
39507,100.71627
39508,176.42455
39509,182.1465
39510,163.20988
39511,188.76956
39512,454.0636
39513,192.397
39514,968.79755
39515,279.9884
39516,388.6927
39517,244.92493
39518,131.15338
39519,817.0914
39520,123.667305
39521,216.06953
39522,105.58665
39523,255.6085
39524,189.08315
39525,299.3596
39526,192.2411
39527,301.03748
39528,166.18115
39529,353.15845
39530,424.45724
39531,1364.752
39532,537.2521
39533,201.47755
39534,800.18335
39535,138.14835
39536,1318.6158
39537,207.39932
39538,240.13031
39539,432.74265
39540,274.5089
39541,93.42241
39542,177.42139
39543,602.1063
39544,326.44003
39545,352.05743
39546,143.19183
39547,139.05092
39548,177.10191
39549,257.00406
39550,173.32957
39551,395.24045
39552,163.45676
39553,268.32312
39554,320.4793
39555,774.001
39556,178.71048
39557,226.07823
39558,108.98159
39559,168.00124
39560,468.8292
39561,192.9052
39562,305.17825
39563,600.98706
39564,256.12805
39565,274.86542
39566,263.08768
39567,163.20541
39568,160.74365
39569,440.05197
39570,195.80714
39571,238.19032
39572,252.35768
39573,127.77891
39574,204.69455
39575,162.70859
39576,325.04987
39577,246.46516
39578,1003.71545
39579,212.61697
39580,271.02145
39581,277.71127
39582,201.6439
39583,275.81146
39584,156.94379
39585,113.97388
39586,204.971
39587,219.4402
39588,129.67776
39589,234.46008
39590,150.41982
39591,848.4625
39592,128.63419
39593,133.87791
39594,117.4768
39595,86.723785
39596,407.0198
39597,240.10141
39598,256.0427
39599,208.62909
39600,268.6069
39601,432.96426
39602,412.46872
39603,147.43452
39604,213.98727
39605,199.42763
39606,129.03947
39607,710.79114
39608,245.603
39609,134.95796
39610,168.13504
39611,260.92093
39612,208.99406
39613,100.904434
39614,258.70023
39615,795.77466
39616,162.8325
39617,147.60374
39618,165.4043
39619,753.66705
39620,165.80104
39621,157.60492
39622,181.41306
39623,202.1836
39624,117.21362
39625,173.96463
39626,269.38425
39627,178.54643
39628,269.5808
39629,178.80846
39630,1096.2314
39631,213.85751
39632,179.4476
39633,414.04526
39634,141.3572
39635,535.5907
39636,294.45346
39637,250.86867
39638,246.12076
39639,192.81694
39640,332.39462
39641,154.2107
39642,228.32951
39643,354.36966
39644,274.9285
39645,244.07143
39646,230.33984
39647,187.31927
39648,292.12518
39649,216.9737
39650,334.86316
39651,311.10913
39652,338.41684
39653,175.14337
39654,299.9365
39655,286.27383
39656,368.47974
39657,629.4702
39658,309.73074
39659,328.35327
39660,257.95566
39661,207.0361
39662,226.92143
39663,537.39294
39664,172.03598
39665,215.40808
39666,158.06104
39667,170.0753
39668,812.3519
39669,493.89343
39670,210.16263
39671,411.00266
39672,98.330124
39673,88.50487
39674,366.9033
39675,149.12741
39676,233.33989
39677,288.13583
39678,238.93054
39679,192.27007
39680,318.4606
39681,215.88957
39682,200.21805
39683,159.84697
39684,344.59116
39685,151.02972
39686,255.36581
39687,480.9806
39688,675.54816
39689,202.77646
39690,216.74846
39691,393.8094
39692,208.23286
39693,252.57909
39694,184.91653
39695,219.44893
39696,136.73471
39697,241.88316
39698,622.79114
39699,306.45233
39700,363.92343
39701,311.86972
39702,215.38051
39703,513.35645
39704,225.33755
39705,706.77856
39706,197.80223
39707,268.0994
39708,162.40681
39709,227.27032
39710,116.626045
39711,179.17862
39712,223.99025
39713,749.5614
39714,220.9236
39715,300.1219
39716,213.98004
39717,551.5428
39718,232.94475
39719,166.66817
39720,374.58884
39721,471.97568
39722,375.03055
39723,171.50082
39724,201.50482
39725,209.19106
39726,206.97188
39727,117.32145
39728,202.03636
39729,442.5378
39730,224.08302
39731,781.8812
39732,177.4805
39733,328.62473
39734,223.63794
39735,301.96085
39736,112.17912
39737,376.89343
39738,293.39474
39739,351.65363
39740,284.16855
39741,102.04657
39742,140.68933
39743,256.22278
39744,109.05751
39745,215.80556
39746,372.36438
39747,86.06878
39748,192.97684
39749,229.89948
39750,316.36707
39751,199.52682
39752,121.65955
39753,86.2238
39754,100.76206
39755,176.45178
39756,234.16942
39757,413.76083
39758,162.93236
39759,305.43518
39760,979.364
39761,230.92494
39762,209.11288
39763,677.4215
39764,271.08878
39765,188.61507
39766,188.56848
39767,220.69087
39768,187.94827
39769,220.59152
39770,406.21912
39771,342.49884
39772,277.21066
39773,251.56259
39774,216.18814
39775,253.47986
39776,146.56427
39777,239.7765
39778,190.20024
39779,334.43054
39780,334.51303
39781,959.87256
39782,231.48938
39783,593.1737
39784,312.9949
39785,201.6776
39786,214.66603
39787,228.76807
39788,350.76404
39789,240.93805
39790,137.36253
39791,182.78922
39792,394.29947
39793,202.4388
39794,167.11922
39795,196.57204
39796,115.764305
39797,939.4575
39798,376.91724
39799,127.93445
39800,352.57413
39801,291.36118
39802,249.76678
39803,695.6362
39804,612.52216
39805,416.41928
39806,469.14172
39807,507.5157
39808,735.7621
39809,146.54526
39810,217.31432
39811,155.65044
39812,309.75208
39813,308.36542
39814,243.89314
39815,131.23561
39816,219.3516
39817,232.87857
39818,196.58714
39819,851.69135
39820,465.60165
39821,166.23122
39822,263.51566
39823,244.43678
39824,200.44876
39825,240.90698
39826,118.98909
39827,569.86456
39828,330.95862
39829,306.33685
39830,184.75201
39831,244.95973
39832,129.00383
39833,349.28256
39834,114.825226
39835,370.93765
39836,102.01087
39837,179.59694
39838,235.94708
39839,386.47543
39840,336.95706
39841,340.30713
39842,417.51648
39843,449.6739
39844,176.20665
39845,115.66033
39846,313.6123
39847,159.20454
39848,192.4915
39849,493.66772
39850,306.50363
39851,327.6396
39852,195.93611
39853,384.70016
39854,347.0781
39855,203.12057
39856,244.57138
39857,254.55598
39858,231.36713
39859,228.95647
39860,258.39044
39861,394.02362
39862,703.65045
39863,341.94943
39864,249.83864
39865,201.89787
39866,192.1143
39867,364.00882
39868,101.701324
39869,285.895
39870,773.40753
39871,210.27553
39872,272.9666
39873,187.35098
39874,909.14417
39875,136.83426
39876,185.83356
39877,489.03867
39878,179.51894
39879,254.38593
39880,103.94902
39881,163.36606
39882,221.12704
39883,478.76846
39884,253.73314
39885,879.44183
39886,181.39668
39887,184.26628
39888,197.26576
39889,209.7265
39890,331.84042
39891,412.49075
39892,97.11137
39893,975.1393
39894,280.32285
39895,75.524506
39896,219.8613
39897,244.3464
39898,201.15524
39899,211.53702
39900,414.0915
39901,404.55713
39902,563.5551
39903,204.72446
39904,551.40894
39905,198.99275
39906,819.6117
39907,396.4969
39908,232.68979
39909,311.7776
39910,289.4744
39911,397.15335
39912,276.96802
39913,135.13701
39914,208.97336
39915,177.82361
39916,631.38153
39917,122.57527
39918,351.3017
39919,601.7558
39920,161.5528
39921,260.97046
39922,257.83304
39923,336.7002
39924,166.4269
39925,496.55002
39926,281.47687
39927,251.0696
39928,383.7862
39929,362.2353
39930,145.61421
39931,337.4374
39932,667.5624
39933,367.63904
39934,272.97943
39935,619.62396
39936,701.09155
39937,228.06195
39938,523.1404
39939,135.63826
39940,284.17154
39941,197.25452
39942,237.02516
39943,339.5751
39944,696.1252
39945,668.13983
39946,48.42495
39947,338.74475
39948,319.00095
39949,417.39008
39950,432.15186
39951,337.57794
39952,223.44765
39953,303.57727
39954,160.60916
39955,536.54663
39956,136.91315
39957,411.10208
39958,415.3292
39959,100.43258
39960,266.23236
39961,192.55269
39962,123.70897
39963,391.66382
39964,154.92404
39965,424.56192
39966,657.941
39967,592.0022
39968,261.69504
39969,134.14012
39970,517.16675
39971,281.41656
39972,115.319534
39973,110.34623
39974,152.76566
39975,69.02091
39976,673.188
39977,222.12578
39978,143.19069
39979,180.44937
39980,332.38202
39981,108.17765
39982,145.62747
39983,173.8117
39984,203.24652
39985,304.8268
39986,615.40814
39987,507.11887
39988,543.92413
39989,197.39413
39990,250.44626
39991,357.8921
39992,509.96658
39993,99.62454
39994,213.63647
39995,361.49457
39996,110.04706
39997,203.6838
39998,283.04333
39999,379.31934
40000,272.24057
40001,180.99902
40002,126.76889
40003,358.34805
40004,168.09589
40005,871.60706
40006,214.61864
40007,366.96088
40008,325.6648
40009,401.15527
40010,729.35315
40011,236.40508
40012,221.87447
40013,135.72105
40014,174.77037
40015,241.21808
40016,161.62749
40017,377.49615
40018,94.05087
40019,307.23038
40020,473.63843
40021,629.4417
40022,267.57367
40023,264.627
40024,186.95657
40025,145.85878
40026,218.51271
40027,268.3966
40028,304.55176
40029,288.2754
40030,194.20554
40031,108.392685
40032,388.20474
40033,450.213
40034,784.7228
40035,387.07315
40036,896.359
40037,155.7961
40038,580.11487
40039,164.48778
40040,508.15698
40041,400.25095
40042,311.39844
40043,129.71324
40044,602.37286
40045,561.8661
40046,237.74966
40047,180.75963
40048,265.44077
40049,188.17284
40050,169.54005
40051,481.81802
40052,355.7965
40053,117.525986
40054,573.0733
40055,187.736
40056,273.66687
40057,145.7857
40058,144.1136
40059,272.93814
40060,322.35016
40061,506.36902
40062,197.19798
40063,303.39557
40064,203.95738
40065,238.11105
40066,161.32785
40067,328.17783
40068,412.9759
40069,262.5513
40070,279.20157
40071,628.18585
40072,760.35944
40073,161.20984
40074,565.5989
40075,378.98303
40076,115.9405
40077,673.62726
40078,176.89279
40079,333.97766
40080,142.11562
40081,309.1523
40082,275.33328
40083,479.09683
40084,363.4836
40085,219.938
40086,274.8301
40087,302.6655
40088,455.03497
40089,541.07184
40090,503.43076
40091,338.051
40092,83.122925
40093,348.0139
40094,156.43527
40095,521.6992
40096,304.30792
40097,965.3584
40098,166.65913
40099,122.63929
40100,124.46693
40101,232.2601
40102,272.42328
40103,234.10745
40104,292.79666
40105,586.164
40106,797.775
40107,165.7963
40108,166.7211
40109,104.124146
40110,452.251
40111,667.9664
40112,277.60577
40113,187.23593
40114,131.76495
40115,336.2857
40116,268.08508
40117,137.6984
40118,152.23792
40119,176.84135
40120,300.1614
40121,188.08415
40122,241.41774
40123,140.82108
40124,521.37085
40125,868.51654
40126,287.7262
40127,873.37634
40128,269.06027
40129,169.28282
40130,181.44437
40131,139.32419
40132,327.09372
40133,168.6638
40134,278.6985
40135,317.37787
40136,268.0931
40137,325.50668
40138,324.60886
40139,225.21725
40140,135.68478
40141,214.97183
40142,297.02206
40143,302.77963
40144,400.68723
40145,369.23337
40146,196.57909
40147,321.32135
40148,103.59621
40149,368.60947
40150,106.26365
40151,152.86514
40152,224.4507
40153,134.1375
40154,141.34167
40155,609.3791
40156,381.1473
40157,337.21716
40158,112.11673
40159,391.80252
40160,457.14185
40161,718.4157
40162,250.61052
40163,143.66788
40164,276.41605
40165,197.77946
40166,368.41885
40167,805.32654
40168,415.01102
40169,382.63297
40170,226.31836
40171,243.2861
40172,530.3638
40173,240.24837
40174,154.92436
40175,115.738396
40176,190.92802
40177,1305.5581
40178,282.29922
40179,199.5197
40180,165.48546
40181,169.9885
40182,269.6135
40183,192.09377
40184,309.4848
40185,202.59686
40186,218.5668
40187,406.79956
40188,187.45967
40189,141.78111
40190,169.07942
40191,241.39714
40192,252.7104
40193,210.83232
40194,575.61926
40195,124.80605
40196,254.30263
40197,104.77028
40198,155.31421
40199,436.5142
40200,439.9033
40201,128.12497
40202,114.48873
40203,236.77493
40204,279.37125
40205,302.0691
40206,285.82196
40207,241.98015
40208,228.65392
40209,300.7715
40210,521.8909
40211,261.0367
40212,344.59702
40213,225.12697
40214,124.068375
40215,225.48201
40216,231.99818
40217,264.52396
40218,259.4024
40219,671.9008
40220,271.17932
40221,223.56995
40222,286.25687
40223,172.82684
40224,272.0065
40225,299.8229
40226,130.49678
40227,248.6357
40228,255.67755
40229,314.35364
40230,512.6076
40231,184.32217
40232,559.3375
40233,279.68182
40234,604.22516
40235,135.12259
40236,184.85797
40237,321.92902
40238,515.0421
40239,228.44232
40240,143.47537
40241,152.86057
40242,1199.3036
40243,203.02773
40244,281.27072
40245,543.32355
40246,741.4868
40247,151.10345
40248,330.05185
40249,269.8946
40250,505.65265
40251,376.26584
40252,522.01697
40253,201.49124
40254,149.95943
40255,105.387405
40256,247.3016
40257,278.38065
40258,180.92642
40259,213.32219
40260,388.1216
40261,180.8288
40262,81.15966
40263,136.90459
40264,155.54073
40265,203.44551
40266,124.82556
40267,266.7171
40268,363.2553
40269,206.00024
40270,254.3629
40271,262.09912
40272,125.37426
40273,300.98587
40274,153.64375
40275,444.57745
40276,195.23555
40277,554.01196
40278,172.88951
40279,188.11758
40280,186.93051
40281,392.73392
40282,585.85986
40283,277.42346
40284,172.2369
40285,299.34
40286,296.36005
40287,499.76337
40288,640.2538
40289,349.06235
40290,508.06207
40291,598.98535
40292,245.455
40293,278.5619
40294,148.92296
40295,221.56305
40296,557.053
40297,172.34843
40298,313.20126
40299,224.42545
40300,128.41585
40301,121.10849
40302,589.58453
40303,347.13437
40304,190.17569
40305,431.1262
40306,216.0916
40307,498.91135
40308,346.35135
40309,184.94824
40310,166.29666
40311,163.46152
40312,175.07404
40313,293.17407
40314,149.34819
40315,194.71638
40316,223.31395
40317,182.5461
40318,375.5689
40319,539.30023
40320,126.72062
40321,149.83347
40322,189.95795
40323,101.396774
40324,162.64587
40325,452.08548
40326,268.5698
40327,708.89716
40328,185.1581
40329,368.91556
40330,524.54236
40331,239.45937
40332,541.2648
40333,235.53633
40334,181.31752
40335,121.47956
40336,176.17569
40337,295.63147
40338,168.00232
40339,225.06284
40340,196.20564
40341,78.479485
40342,440.3114
40343,140.28644
40344,657.74774
40345,744.18835
40346,119.97872
40347,198.70695
40348,208.23169
40349,235.5453
40350,306.88702
40351,113.97135
40352,275.87296
40353,173.43382
40354,282.78503
40355,145.40535
40356,561.89453
40357,206.20195
40358,168.18835
40359,179.20724
40360,155.46664
40361,445.7444
40362,182.13364
40363,188.01068
40364,184.89937
40365,206.74844
40366,350.42044
40367,143.51614
40368,278.99655
40369,209.8354
40370,272.8252
40371,119.11848
40372,272.07092
40373,405.56046
40374,153.77837
40375,481.83618
40376,251.1998
40377,253.93576
40378,172.7321
40379,179.9828
40380,334.26022
40381,697.02454
40382,183.02708
40383,193.0177
40384,219.41605
40385,169.65959
40386,309.07376
40387,133.54433
40388,529.6458
40389,229.62238
40390,664.288
40391,468.8217
40392,298.58463
40393,231.07784
40394,249.81409
40395,103.185745
40396,330.58017
40397,71.13781
40398,207.31035
40399,143.58365
40400,368.40637
40401,227.7766
40402,422.46912
40403,253.84386
40404,446.01016
40405,270.69208
40406,332.77536
40407,304.24133
40408,498.04208
40409,258.5665
40410,177.0899
40411,102.39328
40412,239.01569
40413,98.61257
40414,231.27429
40415,198.49985
40416,331.20505
40417,109.1176
40418,258.63544
40419,139.88454
40420,244.75267
40421,253.75752
40422,201.19258
40423,472.5241
40424,199.46045
40425,283.0591
40426,445.27542
40427,288.9133
40428,189.3771
40429,258.33228
40430,469.75845
40431,118.918945
40432,211.46175
40433,207.01419
40434,253.99377
40435,238.41196
40436,207.84843
40437,294.98276
40438,216.00958
40439,135.63394
40440,705.52045
40441,1085.863
40442,357.37222
40443,264.8911
40444,151.02028
40445,155.61574
40446,571.19946
40447,168.23508
40448,275.27283
40449,182.19026
40450,385.70303
40451,449.11722
40452,289.05127
40453,144.38005
40454,302.2841
40455,153.32593
40456,144.62561
40457,227.31943
40458,322.9797
40459,182.8626
40460,182.69882
40461,437.2252
40462,252.51976
40463,124.237236
40464,287.57257
40465,146.62027
40466,325.02606
40467,253.87714
40468,246.64842
40469,170.1558
40470,197.21985
40471,408.3871
40472,311.74518
40473,101.95267
40474,422.6267
40475,427.17285
40476,158.68887
40477,336.4205
40478,167.7655
40479,275.77585
40480,633.879
40481,242.49425
40482,91.7977
40483,205.6546
40484,251.93335
40485,466.00388
40486,228.87912
40487,384.38013
40488,234.79959
40489,162.6412
40490,374.68906
40491,228.55463
40492,460.83215
40493,343.63943
40494,259.573
40495,431.90222
40496,426.26596
40497,195.77979
40498,424.71423
40499,189.73161
40500,275.2089
40501,380.34814
40502,259.20425
40503,632.08984
40504,169.94202
40505,315.0539
40506,192.62865
40507,243.87094
40508,409.17206
40509,251.62027
40510,151.44156
40511,81.50113
40512,117.08009
40513,222.87587
40514,278.18637
40515,182.75487
40516,214.23892
40517,218.71405
40518,111.981995
40519,347.5964
40520,510.66525
40521,93.41862
40522,160.35239
40523,235.88991
40524,412.27185
40525,275.7501
40526,149.0808
40527,216.06636
40528,181.73442
40529,586.77277
40530,591.89526
40531,276.87592
40532,315.7326
40533,112.83786
40534,250.71179
40535,122.93594
40536,246.96262
40537,1070.5558
40538,152.00761
40539,144.7815
40540,199.72514
40541,196.53302
40542,215.32733
40543,172.51215
40544,310.26917
40545,250.69386
40546,262.58707
40547,249.38902
40548,200.0595
40549,149.05937
40550,324.79153
40551,245.758
40552,83.709015
40553,178.03088
40554,151.69269
40555,222.65424
40556,152.43651
40557,415.82684
40558,207.11275
40559,522.5112
40560,285.14807
40561,136.44359
40562,747.4581
40563,275.47424
40564,149.91377
40565,181.40303
40566,144.83763
40567,160.05331
40568,289.75494
40569,556.8756
40570,573.01886
40571,275.79858
40572,540.9211
40573,304.52954
40574,232.3207
40575,172.08948
40576,283.05527
40577,423.37103
40578,243.17686
40579,540.07385
40580,269.68
40581,358.47012
40582,396.24692
40583,319.25458
40584,249.81126
40585,361.0311
40586,286.99615
40587,508.79752
40588,225.12564
40589,138.14456
40590,266.2337
40591,288.96875
40592,207.73953
40593,269.8171
40594,226.85736
40595,123.7581
40596,361.96698
40597,142.60709
40598,481.67047
40599,339.14865
40600,179.6946
40601,533.8279
40602,147.79538
40603,152.80113
40604,289.6415
40605,490.1524
40606,264.59515
40607,162.36154
40608,270.11304
40609,181.34341
40610,654.1323
40611,140.09373
40612,130.26613
40613,263.90277
40614,749.00476
40615,271.6586
40616,171.95909
40617,168.53102
40618,168.84839
40619,231.02295
40620,111.02557
40621,449.25787
40622,107.889824
40623,691.47296
40624,221.56668
40625,246.76424
40626,368.2788
40627,172.56676
40628,145.72342
40629,321.08395
40630,453.419
40631,585.7107
40632,238.85977
40633,250.40982
40634,278.6489
40635,410.54626
40636,152.8342
40637,133.35374
40638,153.3763
40639,406.43103
40640,112.654396
40641,209.18585
40642,326.9044
40643,209.76454
40644,349.69406
40645,712.61646
40646,220.34335
40647,189.3453
40648,177.34108
40649,45.169197
40650,170.99448
40651,185.32681
40652,204.18687
40653,561.94196
40654,108.02607
40655,303.02945
40656,255.70602
40657,320.07922
40658,134.50854
40659,242.94467
40660,179.21318
40661,227.53859
40662,164.5038
40663,200.92445
40664,134.95724
40665,175.06552
40666,163.93036
40667,179.57907
40668,192.52107
40669,217.02376
40670,248.41483
40671,378.81903
40672,215.96097
40673,395.05667
40674,128.555
40675,130.00568
40676,358.7067
40677,583.99554
40678,287.39536
40679,370.0903
40680,514.7229
40681,160.10104
40682,244.02321
40683,97.400734
40684,220.92241
40685,181.39996
40686,403.31754
40687,99.889206
40688,238.57002
40689,532.37756
40690,200.31325
40691,199.06404
40692,410.51062
40693,246.9559
40694,106.09761
40695,179.76384
40696,300.48895
40697,351.25906
40698,114.89337
40699,494.49707
40700,225.84933
40701,712.27045
40702,160.42723
40703,252.18742
40704,849.70935
40705,446.01416
40706,263.34082
40707,357.55728
40708,182.61104
40709,153.43304
40710,271.08978
40711,225.52788
40712,161.53412
40713,337.4662
40714,215.4027
40715,170.81932
40716,145.49355
40717,330.13953
40718,346.68555
40719,282.8708
40720,558.6421
40721,817.27234
40722,272.44763
40723,172.14735
40724,206.09001
40725,187.96458
40726,354.39725
40727,237.38072
40728,165.87773
40729,379.4422
40730,363.28708
40731,271.30972
40732,392.72934
40733,430.28384
40734,325.00003
40735,201.64314
40736,179.71654
40737,289.56128
40738,151.45996
40739,393.3822
40740,102.56739
40741,171.79654
40742,201.91412
40743,786.3827
40744,256.87808
40745,152.7553
40746,219.7239
40747,233.89821
40748,247.99481
40749,147.45924
40750,258.5244
40751,253.51991
40752,223.8346
40753,323.69104
40754,451.12552
40755,415.7666
40756,222.43634
40757,305.82626
40758,249.8882
40759,739.62744
40760,562.98895
40761,212.19073
40762,91.49127
40763,151.53299
40764,297.4196
40765,262.08115
40766,157.38506
40767,337.37308
40768,312.21457
40769,100.177704
40770,319.2892
40771,540.3205
40772,293.03857
40773,131.6282
40774,273.0759
40775,118.40745
40776,157.8102
40777,364.2667
40778,285.88214
40779,104.26228
40780,263.6863
40781,266.14807
40782,227.04726
40783,228.196
40784,234.39487
40785,128.53981
40786,316.09323
40787,155.586
40788,304.36505
40789,155.91943
40790,211.42125
40791,276.76645
40792,172.85532
40793,216.32103
40794,472.8885
40795,269.98416
40796,113.50564
40797,158.02179
40798,342.01758
40799,846.4987
40800,199.18536
40801,318.8139
40802,283.67972
40803,211.76485
40804,321.25696
40805,104.01224
40806,467.6066
40807,128.68423
40808,167.7753
40809,300.16876
40810,160.06203
40811,234.71045
40812,183.24466
40813,296.27307
40814,323.87924
40815,191.19432
40816,760.9493
40817,200.03387
40818,188.33647
40819,122.83698
40820,139.39293
40821,229.4362
40822,214.71182
40823,149.06364
40824,372.51523
40825,264.28113
40826,86.383415
40827,162.60112
40828,204.14566
40829,265.82535
40830,87.13674
40831,352.0115
40832,208.26974
40833,239.78717
40834,214.05727
40835,254.72038
40836,265.7236
40837,615.1358
40838,197.419
40839,673.71796
40840,346.79965
40841,88.83066
40842,203.43398
40843,289.86154
40844,827.14813
40845,657.489
40846,217.66418
40847,292.8635
40848,155.2394
40849,182.8944
40850,433.32092
40851,351.81015
40852,129.54504
40853,137.59894
40854,157.94154
40855,435.12698
40856,375.42505
40857,304.34528
40858,190.4342
40859,167.00812
40860,145.92609
40861,354.80023
40862,277.12585
40863,169.60298
40864,213.59158
40865,209.78389
40866,274.34216
40867,575.1169
40868,215.55908
40869,462.49405
40870,199.94554
40871,222.82527
40872,159.87013
40873,83.241196
40874,190.3575
40875,219.92285
40876,322.59033
40877,226.37582
40878,135.25565
40879,163.76544
40880,143.64348
40881,420.544
40882,207.37677
40883,305.04755
40884,334.96027
40885,168.97787
40886,933.8484
40887,205.30583
40888,231.86485
40889,240.16618
40890,188.76956
40891,145.39883
40892,257.98926
40893,401.06076
40894,283.80667
40895,442.34857
40896,372.49127
40897,475.82108
40898,228.94649
40899,191.85713
40900,159.35472
40901,444.68903
40902,256.73773
40903,334.66684
40904,165.53917
40905,255.09921
40906,189.51915
40907,153.40863
40908,256.91
40909,728.24536
40910,301.58923
40911,276.62125
40912,171.135
40913,334.48087
40914,211.29639
40915,355.06396
40916,468.34872
40917,273.85248
40918,176.5673
40919,331.88602
40920,352.83328
40921,340.73196
40922,162.50372
40923,108.38868
40924,251.76872
40925,127.7415
40926,277.37964
40927,296.40485
40928,249.26598
40929,143.63792
40930,326.77145
40931,228.85161
40932,188.00699
40933,160.13731
40934,734.58246
40935,139.46748
40936,338.51025
40937,559.05365
40938,328.32733
40939,470.4367
40940,190.00256
40941,409.75797
40942,258.3651
40943,109.57744
40944,391.35034
40945,300.75848
40946,162.64714
40947,288.4021
40948,132.15546
40949,215.3297
40950,226.58107
40951,115.54535
40952,167.41832
40953,311.91757
40954,205.19133
40955,254.7223
40956,278.52872
40957,279.01315
40958,91.660934
40959,391.67307
40960,539.6385
40961,389.40308
40962,278.1011
40963,179.56007
40964,168.9383
40965,202.31543
40966,160.87753
40967,259.96124
40968,164.88823
40969,502.4299
40970,136.35658
40971,202.16454
40972,216.52252
40973,252.29738
40974,955.8857
40975,216.6963
40976,304.55658
40977,295.66864
40978,145.29486
40979,376.15265
40980,228.40396
40981,467.7951
40982,229.8888
40983,133.74228
40984,251.88072
40985,273.58945
40986,177.17375
40987,181.60307
40988,111.51215
40989,315.39795
40990,138.98315
40991,267.07874
40992,343.82413
40993,351.4762
40994,160.0884
40995,432.2814
40996,262.1564
40997,185.45491
40998,210.95117
40999,193.81627
41000,364.1505
41001,113.61326
41002,342.78485
41003,77.43726
41004,139.8815
41005,339.06006
41006,192.75629
41007,113.980446
41008,151.28815
41009,775.16174
41010,299.23834
41011,150.54633
41012,620.6564
41013,146.7201
41014,149.7349
41015,159.06151
41016,602.0625
41017,293.3431
41018,234.94069
41019,162.92595
41020,312.40152
41021,115.270615
41022,189.7431
41023,157.11841
41024,520.0168
41025,302.7063
41026,280.97855
41027,172.90239
41028,250.47798
41029,217.57117
41030,101.46195
41031,126.27677
41032,339.91003
41033,217.17613
41034,353.55978
41035,198.78372
41036,395.02826
41037,162.43454
41038,706.51886
41039,145.18503
41040,271.96085
41041,274.40845
41042,157.88345
41043,201.33258
41044,371.9243
41045,1000.3347
41046,323.3209
41047,212.98235
41048,420.87228
41049,152.81345
41050,125.20272
41051,230.49207
41052,249.7734
41053,211.37302
41054,448.00156
41055,138.01811
41056,314.00433
41057,424.0335
41058,227.7247
41059,193.27406
41060,237.29167
41061,223.42757
41062,195.59619
41063,671.3786
41064,159.22554
41065,139.42947
41066,448.11807
41067,461.21973
41068,208.52266
41069,250.06699
41070,186.48785
41071,300.9095
41072,307.86972
41073,132.74057
41074,268.63068
41075,214.55608
41076,165.92163
41077,227.52686
41078,284.75037
41079,562.0491
41080,427.04218
41081,243.94862
41082,189.2951
41083,222.17764
41084,315.78128
41085,409.83163
41086,170.29776
41087,263.26678
41088,142.16235
41089,136.81354
41090,406.04834
41091,541.31866
41092,210.9181
41093,290.47153
41094,128.69627
41095,223.35266
41096,287.53226
41097,88.29831
41098,126.960846
41099,520.81683
41100,189.47783
41101,201.17499
41102,234.72672
41103,218.15268
41104,278.5392
41105,323.44928
41106,357.5644
41107,192.71341
41108,204.05405
41109,703.0779
41110,439.08295
41111,76.96381
41112,278.63293
41113,169.6136
41114,508.65576
41115,372.0436
41116,135.44838
41117,226.5493
41118,192.84946
41119,216.9739
41120,287.91306
41121,119.10202
41122,175.81956
41123,93.77643
41124,471.77765
41125,384.2948
41126,219.80527
41127,145.71953
41128,220.9733
41129,556.9493
41130,203.00076
41131,304.9682
41132,155.13632
41133,189.09854
41134,334.3505
41135,103.597435
41136,380.2804
41137,306.49265
41138,355.56076
41139,360.3597
41140,131.01389
41141,181.17722
41142,179.46848
41143,348.52823
41144,132.36218
41145,542.37994
41146,156.02852
41147,281.0428
41148,192.38538
41149,505.01352
41150,122.84079
41151,212.53935
41152,167.62007
41153,316.22305
41154,311.18472
41155,265.00116
41156,351.8507
41157,192.19392
41158,109.67413
41159,394.72375
41160,304.98065
41161,193.92932
41162,713.269
41163,187.13046
41164,155.4577
41165,229.55302
41166,576.34515
41167,359.04056
41168,512.79254
41169,208.88818
41170,722.4584
41171,174.76772
41172,155.9365
41173,353.36166
41174,194.85417
41175,163.72377
41176,251.53859
41177,269.58252
41178,177.87213
41179,272.1172
41180,196.07101
41181,384.4416
41182,163.8107
41183,271.22757
41184,428.32788
41185,149.79004
41186,280.2568
41187,551.4715
41188,916.9182
41189,393.3732
41190,152.93
41191,353.64722
41192,741.33655
41193,167.24026
41194,331.9379
41195,280.897
41196,294.67087
41197,351.5324
41198,213.67415
41199,219.6995
41200,203.54178
41201,209.48138
41202,743.3235
41203,170.56541
41204,173.74544
41205,232.93787
41206,795.4104
41207,263.78375
41208,229.65857
41209,121.50554
41210,206.53618
41211,215.87904
41212,109.26127
41213,222.55537
41214,137.69438
41215,150.05234
41216,190.75027
41217,331.26974
41218,138.19211
41219,267.07666
41220,178.25804
41221,269.27863
41222,177.40129
41223,270.97736
41224,654.6638
41225,611.4111
41226,404.2007
41227,195.08752
41228,143.09851
41229,204.89272
41230,305.1254
41231,107.85136
41232,371.51215
41233,709.35205
41234,239.89862
41235,492.638
41236,222.32533
41237,450.93314
41238,316.71198
41239,193.81226
41240,164.70944
41241,296.37015
41242,247.10709
41243,160.5267
41244,266.55417
41245,162.96321
41246,172.05034
41247,142.90276
41248,201.42032
41249,454.44077
41250,231.3579
41251,141.15242
41252,435.8774
41253,742.5446
41254,150.47806
41255,263.9633
41256,168.54134
41257,411.7288
41258,358.9741
41259,252.15422
41260,570.45135
41261,305.3986
41262,157.94621
41263,835.4004
41264,423.37646
41265,221.97876
41266,125.80034
41267,285.8152
41268,154.40962
41269,152.36302
41270,132.72035
41271,213.75337
41272,610.4628
41273,327.49908
41274,127.34256
41275,473.1742
41276,596.4373
41277,158.18076
41278,243.82838
41279,167.07329
41280,170.6061
41281,99.86962
41282,160.62512
41283,161.47063
41284,160.61488
41285,153.3094
41286,137.41415
41287,163.3
41288,311.11493
41289,490.0622
41290,261.8316
41291,404.9242
41292,320.12558
41293,176.14308
41294,520.34454
41295,243.21289
41296,110.24979
41297,190.18063
41298,398.24554
41299,425.60513
41300,133.59673
41301,478.27332
41302,285.59702
41303,268.48456
41304,283.29092
41305,132.03629
41306,230.53264
41307,655.1203
41308,131.80446
41309,316.3502
41310,478.74756
41311,120.63702
41312,318.7249
41313,490.86926
41314,420.7163
41315,162.32411
41316,98.42214
41317,320.66165
41318,242.44684
41319,195.45088
41320,153.48096
41321,497.8379
41322,201.21762
41323,230.59172
41324,194.85538
41325,329.23993
41326,194.56656
41327,477.87885
41328,177.17235
41329,309.49762
41330,504.42664
41331,528.73425
41332,305.33624
41333,173.23854
41334,1208.2959
41335,243.11017
41336,317.76688
41337,846.749
41338,462.33893
41339,750.6364
41340,362.46634
41341,241.91245
41342,296.55484
41343,292.9494
41344,207.87186
41345,333.15424
41346,175.65587
41347,78.50675
41348,221.3135
41349,660.3706
41350,351.56747
41351,267.06696
41352,323.1945
41353,234.57404
41354,610.03467
41355,312.08746
41356,775.314
41357,258.79688
41358,635.5169
41359,196.89825
41360,234.33746
41361,119.875275
41362,254.39221
41363,312.52017
41364,228.67554
41365,134.12326
41366,208.84743
41367,452.72324
41368,242.78975
41369,216.22772
41370,84.793945
41371,115.88976
41372,232.4141
41373,666.2499
41374,292.1654
41375,744.7281
41376,234.95067
41377,392.13022
41378,264.29498
41379,228.6122
41380,194.73482
41381,160.18613
41382,587.97406
41383,256.65756
41384,323.61273
41385,299.65378
41386,255.32341
41387,319.5825
41388,204.22366
41389,238.73927
41390,427.04364
41391,669.6003
41392,353.20285
41393,123.36508
41394,271.46646
41395,200.89417
41396,316.85477
41397,172.50455
41398,318.28802
41399,141.36795
41400,579.7965
41401,200.58084
41402,167.08018
41403,273.40775
41404,459.61127
41405,176.0082
41406,313.94922
41407,238.01245
41408,229.94606
41409,171.3321
41410,257.8051
41411,236.5891
41412,333.13815
41413,619.0717
41414,228.47874
41415,140.99336
41416,324.69553
41417,475.13034
41418,507.2498
41419,261.80402
41420,225.49088
41421,182.41014
41422,145.91469
41423,473.3008
41424,280.91238
41425,107.01204
41426,761.40314
41427,574.47955
41428,207.91621
41429,212.52861
41430,174.5454
41431,153.3054
41432,404.67197
41433,136.03532
41434,335.21292
41435,196.1796
41436,353.01974
41437,281.69254
41438,852.23737
41439,137.2873
41440,95.82291
41441,99.55317
41442,176.5812
41443,110.92973
41444,163.54803
41445,247.85411
41446,343.84055
41447,377.36136
41448,535.3975
41449,264.85675
41450,729.0464
41451,613.3765
41452,303.31866
41453,111.93168
41454,105.420044
41455,153.61485
41456,371.22147
41457,186.78249
41458,208.10765
41459,414.62915
41460,175.63576
41461,121.06501
41462,145.54083
41463,220.1254
41464,131.69084
41465,105.51721
41466,298.05844
41467,356.3814
41468,240.03181
41469,247.90704
41470,191.97151
41471,205.67976
41472,246.15367
41473,314.55396
41474,276.34567
41475,713.3307
41476,143.88997
41477,416.05386
41478,502.12875
41479,840.9374
41480,536.0859
41481,346.3913
41482,819.85394
41483,344.44925
41484,309.6413
41485,533.7006
41486,149.71248
41487,230.49286
41488,390.3878
41489,579.63416
41490,238.50104
41491,424.63422
41492,343.5799
41493,231.47748
41494,551.6109
41495,192.98181
41496,142.25533
41497,133.70483
41498,570.7145
41499,321.56763
41500,254.19139
41501,452.78778
41502,125.06126
41503,608.2501
41504,187.16374
41505,164.42195
41506,162.90524
41507,297.93692
41508,251.20631
41509,202.7272
41510,213.0503
41511,405.8895
41512,238.74243
41513,162.90903
41514,171.86649
41515,102.79749
41516,185.45229
41517,395.3809
41518,128.65857
41519,276.7713
41520,465.43607
41521,248.04776
41522,115.215706
41523,354.39963
41524,226.96683
41525,141.85295
41526,128.902
41527,110.464584
41528,253.80945
41529,204.42615
41530,230.60732
41531,192.98875
41532,192.07376
41533,256.3971
41534,845.9869
41535,158.84894
41536,98.84482
41537,221.02847
41538,211.19377
41539,325.46713
41540,204.89606
41541,285.15018
41542,256.65616
41543,568.3163
41544,205.74492
41545,294.68292
41546,191.91379
41547,289.16312
41548,140.45428
41549,211.51128
41550,134.52467
41551,354.4736
41552,449.53613
41553,444.88034
41554,327.55975
41555,739.1237
41556,432.9358
41557,219.07727
41558,178.20775
41559,361.73996
41560,669.2267
41561,526.2027
41562,267.6713
41563,126.99048
41564,213.38522
41565,108.42272
41566,432.34164
41567,191.13928
41568,428.999
41569,158.90247
41570,254.38701
41571,103.1611
41572,526.5679
41573,235.6824
41574,185.47986
41575,248.80095
41576,139.74881
41577,324.6913
41578,212.97044
41579,97.94557
41580,474.8941
41581,328.9279
41582,331.4412
41583,174.48799
41584,316.6678
41585,454.42657
41586,127.84832
41587,643.06085
41588,266.89252
41589,273.01572
41590,265.32025
41591,342.88858
41592,312.20358
41593,253.48116
41594,281.41492
41595,708.51715
41596,276.2178
41597,211.72496
41598,164.3302
41599,111.6215
41600,254.42245
41601,341.91144
41602,385.44293
41603,786.08856
41604,338.973
41605,374.41443
41606,228.51305
41607,169.88626
41608,195.93636
41609,200.27275
41610,159.32092
41611,101.0208
41612,454.2532
41613,268.2783
41614,266.5701
41615,198.75871
41616,164.1513
41617,217.96768
41618,197.19563
41619,346.1923
41620,322.08392
41621,431.6293
41622,90.261406
41623,380.3038
41624,231.61154
41625,200.65907
41626,186.56168
41627,437.5552
41628,242.7583
41629,-7.2970357
41630,230.00159
41631,129.46722
41632,418.6012
41633,228.31247
41634,350.9249
41635,353.11453
41636,207.28134
41637,279.8745
41638,141.77939
41639,180.03444
41640,324.25458
41641,255.25533
41642,684.025
41643,794.08246
41644,487.704
41645,247.25882
41646,303.09665
41647,193.29059
41648,276.32376
41649,194.22151
41650,127.34199
41651,547.6563
41652,329.3331
41653,272.4882
41654,433.0474
41655,192.42406
41656,428.3168
41657,141.07758
41658,561.90094
41659,150.89175
41660,301.66742
41661,212.78969
41662,157.9166
41663,443.1472
41664,602.4541
41665,222.06944
41666,175.48363
41667,83.17701
41668,210.11302
41669,302.29037
41670,446.95514
41671,1329.4688
41672,184.97
41673,229.53995
41674,240.28416
41675,273.02573
41676,197.83475
41677,433.8718
41678,227.8909
41679,217.18787
41680,134.33142
41681,177.73468
41682,130.72823
41683,184.99002
41684,578.9823
41685,115.38165
41686,299.3969
41687,399.9199
41688,273.38782
41689,197.69205
41690,213.47339
41691,949.3212
41692,503.0437
41693,285.7304
41694,116.673485
41695,288.62485
41696,734.49
41697,199.29877
41698,605.7898
41699,261.75897
41700,196.75383
41701,66.16227
41702,209.64473
41703,541.1023
41704,57.796436
41705,176.63548
41706,91.93446
41707,425.79572
41708,295.32874
41709,246.28185
41710,159.21881
41711,326.25815
41712,385.83905
41713,696.7297
41714,182.32594
41715,84.85203
41716,195.16151
41717,187.06447
41718,288.35086
41719,237.71582
41720,281.64673
41721,193.55772
41722,139.43471
41723,296.48557
41724,214.6956
41725,152.25797
41726,214.44165
41727,196.82263
41728,295.36322
41729,212.33882
41730,288.92715
41731,126.28604
41732,283.83954
41733,184.03
41734,383.42545
41735,409.7194
41736,168.03305
41737,178.89908
41738,175.98189
41739,333.57074
41740,245.83781
41741,252.90343
41742,278.22614
41743,594.3375
41744,160.04729
41745,230.23053
41746,789.3855
41747,220.86241
41748,229.00952
41749,243.44441
41750,158.7447
41751,248.2545
41752,322.43918
41753,150.7812
41754,181.48964
41755,296.20413
41756,100.18112
41757,188.04631
41758,360.33487
41759,218.90166
41760,512.05524
41761,1022.5284
41762,211.49646
41763,711.3344
41764,197.28833
41765,364.05176
41766,347.92093
41767,416.79312
41768,625.43805
41769,512.3202
41770,383.09497
41771,204.6506
41772,352.4349
41773,265.01093
41774,346.2707
41775,193.93217
41776,487.7072
41777,120.0942
41778,320.46118
41779,244.27501
41780,155.3309
41781,225.00838
41782,138.56349
41783,543.4554
41784,147.65222
41785,296.81183
41786,513.6456
41787,322.38846
41788,242.29573
41789,163.09749
41790,293.07635
41791,534.17896
41792,139.26036
41793,175.79251
41794,337.73233
41795,207.30103
41796,153.58092
41797,227.03242
41798,558.61554
41799,176.33694
41800,290.58328
41801,114.20156
41802,185.20398
41803,244.23244
41804,281.87537
41805,212.5565
41806,369.50787
41807,186.17863
41808,220.94412
41809,115.663216
41810,288.071
41811,143.33537
41812,325.91916
41813,194.90115
41814,160.02252
41815,130.1829
41816,251.46632
41817,113.36716
41818,342.65555
41819,122.60262
41820,287.2104
41821,292.48917
41822,344.10287
41823,171.13844
41824,229.35669
41825,705.80927
41826,244.61925
41827,104.43407
41828,363.58386
41829,135.53665
41830,242.69063
41831,212.00372
41832,287.4778
41833,241.64081
41834,139.72043
41835,178.2426
41836,172.75595
41837,517.8037
41838,757.4465
41839,1096.3442
41840,520.72644
41841,219.82613
41842,390.2886
41843,201.82253
41844,110.47186
41845,214.89539
41846,194.86894
41847,229.17612
41848,146.77905
41849,133.90598
41850,327.2031
41851,778.0639
41852,216.47343
41853,251.73532
41854,247.05557
41855,349.62076
41856,330.4272
41857,204.29813
41858,194.82973
41859,158.38187
41860,156.0433
41861,133.28398
41862,556.38293
41863,316.6734
41864,227.29114
41865,94.56108
41866,532.2712
41867,257.58783
41868,743.3533
41869,192.39856
41870,463.5704
41871,103.55068
41872,194.29724
41873,421.4252
41874,169.56894
41875,290.30573
41876,355.0564
41877,288.6814
41878,313.78915
41879,758.74365
41880,391.2065
41881,235.88925
41882,170.11845
41883,213.5779
41884,303.00455
41885,297.93756
41886,931.90454
41887,310.02853
41888,425.50955
41889,210.89003
41890,216.50323
41891,285.07416
41892,211.82932
41893,109.34078
41894,266.99796
41895,283.78864
41896,288.6214
41897,98.85727
41898,284.6387
41899,71.90133
41900,273.9104
41901,322.4913
41902,397.02484
41903,328.96817
41904,115.53284
41905,220.62943
41906,561.23126
41907,778.0065
41908,864.27264
41909,315.60208
41910,151.0938
41911,199.77719
41912,107.28343
41913,297.97925
41914,105.49427
41915,246.71388
41916,239.81786
41917,81.53965
41918,198.03221
41919,126.49082
41920,118.80552
41921,138.45457
41922,147.59804
41923,130.6256
41924,423.05377
41925,182.74016
41926,326.71027
41927,235.97627
41928,328.35745
41929,92.957695
41930,114.589966
41931,234.65768
41932,183.06915
41933,370.7758
41934,196.17119
41935,169.67009
41936,243.28372
41937,145.36192
41938,361.4292
41939,169.53268
41940,918.50653
41941,149.75821
41942,140.99583
41943,187.5742
41944,160.76883
41945,167.64421
41946,130.61717
41947,171.72388
41948,198.3387
41949,206.1928
41950,290.92743
41951,100.93608
41952,203.02072
41953,317.99115
41954,102.10843
41955,255.51402
41956,94.158
41957,196.8077
41958,207.09488
41959,142.29243
41960,535.7393
41961,488.70645
41962,300.386
41963,158.30049
41964,237.82402
41965,198.78844
41966,218.35106
41967,254.48952
41968,446.59436
41969,719.84863
41970,95.59591
41971,521.5384
41972,251.23936
41973,124.71217
41974,697.2799
41975,247.7287
41976,628.5137
41977,104.084404
41978,253.86255
41979,300.65076
41980,159.89467
41981,334.5768
41982,138.7271
41983,222.6924
41984,153.0047
41985,412.56442
41986,192.49623
41987,171.76822
41988,183.09819
41989,278.49628
41990,83.45944
41991,882.0446
41992,329.8072
41993,252.9481
41994,372.42755
41995,407.94666
41996,157.21309
41997,299.58942
41998,297.9375
41999,275.40646
42000,130.65451
42001,472.52014
42002,253.56818
42003,297.02545
42004,154.7229
42005,237.86797
42006,206.55139
42007,172.58838
42008,193.87411
42009,194.74376
42010,281.3501
42011,146.27603
42012,138.53502
42013,380.15512
42014,260.56973
42015,224.42416
42016,259.48648
42017,177.20412
42018,290.83884
42019,184.54832
42020,434.05
42021,300.33722
42022,413.12537
42023,319.13333
42024,362.42795
42025,118.99632
42026,259.13583
42027,159.59781
42028,147.3215
42029,164.87984
42030,215.26016
42031,387.3101
42032,167.18419
42033,184.05533
42034,144.78531
42035,132.02402
42036,203.94148
42037,182.86484
42038,453.95938
42039,101.107796
42040,367.39218
42041,568.04517
42042,277.21008
42043,444.20746
42044,218.04224
42045,133.3532
42046,134.77939
42047,274.24533
42048,146.79416
42049,260.4233
42050,481.19595
42051,122.61142
42052,238.83984
42053,308.79718
42054,291.38187
42055,348.90616
42056,332.49872
42057,189.858
42058,157.46939
42059,780.88214
42060,252.69635
42061,139.70226
42062,150.6835
42063,281.8007
42064,216.54158
42065,153.19571
42066,223.49771
42067,110.17896
42068,98.7536
42069,318.15427
42070,128.58049
42071,160.9149
42072,656.6542
42073,434.84402
42074,115.75346
42075,110.69983
42076,226.2491
42077,419.0916
42078,373.48254
42079,165.91946
42080,649.84125
42081,356.201
42082,1067.466
42083,142.4822
42084,821.57367
42085,268.738
42086,217.73871
42087,338.61945
42088,182.33661
42089,354.43857
42090,191.32642
42091,167.87494
42092,658.8877
42093,211.45776
42094,458.32864
42095,148.41795
42096,107.2232
42097,123.1435
42098,237.23514
42099,308.6956
42100,389.42487
42101,220.15157
42102,284.5728
42103,133.84763
42104,378.77127
42105,178.8234
42106,411.05072
42107,162.43713
42108,251.11221
42109,354.2248
42110,169.53017
42111,110.632515
42112,325.1709
42113,150.5267
42114,377.63806
42115,241.15363
42116,145.5282
42117,207.19212
42118,191.78592
42119,169.8404
42120,346.10547
42121,319.7296
42122,345.6687
42123,286.93063
42124,390.54852
42125,161.57912
42126,147.643
42127,152.27669
42128,140.6087
42129,130.4772
42130,179.35922
42131,433.448
42132,419.90222
42133,163.7367
42134,530.2829
42135,226.61258
42136,233.58363
42137,110.269684
42138,223.68436
42139,143.91872
42140,236.42386
42141,331.79745
42142,123.63975
42143,349.7802
42144,121.95847
42145,144.58345
42146,515.496
42147,126.54471
42148,168.52545
42149,238.5765
42150,119.22437
42151,181.1067
42152,272.30957
42153,143.62743
42154,191.11377
42155,763.43207
42156,339.05417
42157,112.26808
42158,155.0973
42159,135.57254
42160,273.0099
42161,405.71143
42162,290.88684
42163,584.1651
42164,685.4571
42165,104.52445
42166,688.9338
42167,549.6815
42168,450.50418
42169,819.8916
42170,394.03314
42171,226.14752
42172,172.05763
42173,166.84941
42174,240.3745
42175,549.12225
42176,457.31345
42177,194.06377
42178,616.52454
42179,153.30493
42180,292.14926
42181,271.02222
42182,361.84167
42183,243.64699
42184,237.34462
42185,513.9612
42186,232.70766
42187,94.041626
42188,243.92632
42189,229.76765
42190,369.52927
42191,243.57727
42192,221.44814
42193,204.10481
42194,141.61893
42195,624.7696
42196,232.01529
42197,186.67336
42198,294.46408
42199,189.20074
42200,242.71071
42201,554.6502
42202,133.28838
42203,207.27544
42204,138.11856
42205,154.85548
42206,170.78944
42207,701.28314
42208,305.0675
42209,116.41563
42210,546.7366
42211,185.78195
42212,246.50148
42213,471.6837
42214,357.80743
42215,310.06436
42216,160.5625
42217,185.03006
42218,67.97669
42219,160.6077
42220,295.65527
42221,149.24352
42222,179.00499
42223,132.19333
42224,128.20912
42225,153.78963
42226,157.1662
42227,158.76355
42228,374.98013
42229,138.72249
42230,621.8606
42231,445.71082
42232,121.309654
42233,112.00169
42234,348.02722
42235,397.8923
42236,210.74336
42237,156.0525
42238,130.7133
42239,459.23056
42240,239.40724
42241,183.89035
42242,209.4153
42243,92.14881
42244,307.0628
42245,211.31746
42246,255.54068
42247,965.7423
42248,203.67488
42249,175.5388
42250,231.636
42251,141.64317
42252,179.58359
42253,190.11082
42254,292.90793
42255,169.71895
42256,179.34738
42257,181.39043
42258,94.03694
42259,207.6545
42260,102.01436
42261,184.16904
42262,401.1176
42263,123.358696
42264,209.57806
42265,283.41788
42266,208.6133
42267,172.13423
42268,360.69504
42269,83.06608
42270,255.9647
42271,198.65497
42272,350.75388
42273,301.63443
42274,165.48232
42275,262.4867
42276,376.81876
42277,227.97542
42278,315.5995
42279,267.84616
42280,203.62865
42281,220.4744
42282,140.80756
42283,163.42253
42284,667.4653
42285,229.62839
42286,380.33685
42287,428.71527
42288,486.19897
42289,493.92303
42290,118.629906
42291,292.12766
42292,359.8018
42293,172.96999
42294,151.61195
42295,177.69627
42296,304.43475
42297,233.09558
42298,271.06824
42299,97.64746
42300,275.59882
42301,279.4064
42302,461.87457
42303,246.61394
42304,183.24332
42305,153.36476
42306,134.76881
42307,338.08133
42308,219.93788
42309,266.8146
42310,95.87747
42311,272.81598
42312,446.25684
42313,458.61188
42314,336.679
42315,489.10925
42316,205.1787
42317,249.61514
42318,196.54388
42319,606.8146
42320,674.5182
42321,170.84882
42322,628.52075
42323,505.0295
42324,381.2883
42325,219.06429
42326,236.12842
42327,223.01202
42328,326.51294
42329,325.6415
42330,107.93438
42331,147.38872
42332,114.86632
42333,341.2589
42334,153.40451
42335,322.69702
42336,235.74625
42337,125.56549
42338,152.56955
42339,151.94383
42340,90.56374
42341,1254.9478
42342,147.64728
42343,541.43195
42344,112.85491
42345,267.17554
42346,138.4237
42347,220.81071
42348,411.98346
42349,223.45653
42350,151.63988
42351,238.69409
42352,308.52133
42353,245.60854
42354,367.46756
42355,114.55859
42356,216.48051
42357,159.64114
42358,403.82623
42359,218.371
42360,112.287544
42361,195.45703
42362,356.2065
42363,168.22032
42364,240.74919
42365,195.01128
42366,562.89453
42367,257.12323
42368,222.8151
42369,335.48373
42370,143.06277
42371,166.76123
42372,460.72885
42373,298.30478
42374,342.66922
42375,235.72807
42376,190.8456
42377,456.3859
42378,504.05716
42379,242.62111
42380,394.97736
42381,228.1702
42382,162.21101
42383,260.96918
42384,177.38374
42385,139.05502
42386,362.42838
42387,466.0028
42388,279.4161
42389,218.64192
42390,158.68185
42391,131.94319
42392,152.27432
42393,399.3958
42394,344.14618
42395,351.88635
42396,119.51822
42397,89.326836
42398,654.904
42399,475.01025
42400,721.27783
42401,615.7199
42402,143.06242
42403,326.1501
42404,358.90775
42405,370.56824
42406,629.5987
42407,183.48785
42408,271.05362
42409,150.48126
42410,192.4804
42411,347.34207
42412,650.82745
42413,217.46194
42414,241.08144
42415,219.28445
42416,498.0949
42417,238.4877
42418,139.70512
42419,159.68721
42420,251.3313
42421,208.05899
42422,272.0948
42423,264.32468
42424,289.8668
42425,592.8083
42426,320.4903
42427,295.7739
42428,254.87868
42429,180.37361
42430,640.2265
42431,277.29572
42432,188.35857
42433,177.75148
42434,175.96751
42435,463.1135
42436,153.7828
42437,141.4604
42438,616.17615
42439,331.25732
42440,150.11562
42441,141.08952
42442,288.70697
42443,556.82104
42444,174.87411
42445,131.81882
42446,240.77959
42447,148.2284
42448,725.7787
42449,253.0927
42450,380.6719
42451,201.56871
42452,228.05498
42453,504.2607
42454,453.80045
42455,281.30743
42456,210.54826
42457,199.23311
42458,269.5058
42459,115.79961
42460,1423.5316
42461,162.17514
42462,166.02884
42463,98.61514
42464,227.0512
42465,156.57008
42466,182.85532
42467,197.17337
42468,314.36517
42469,417.40338
42470,223.5168
42471,120.23493
42472,166.40903
42473,265.90335
42474,149.82776
42475,354.0747
42476,369.1162
42477,544.5077
42478,220.20639
42479,835.4226
42480,266.5542
42481,180.17526
42482,245.92119
42483,637.40326
42484,209.30162
42485,267.1503
42486,228.3659
42487,203.037
42488,139.86891
42489,136.07289
42490,246.39125
42491,225.99312
42492,237.91823
42493,217.396
42494,204.96445
42495,298.63028
42496,261.24246
42497,172.49966
42498,1189.5283
42499,298.23538
42500,221.77742
42501,412.16812
42502,536.7094
42503,230.91208
42504,194.59036
42505,421.2371
42506,178.0875
42507,237.56645
42508,249.77185
42509,109.170525
42510,190.43411
42511,294.17053
42512,790.28253
42513,614.7128
42514,358.74216
42515,373.45096
42516,370.6137
42517,1080.2262
42518,254.7049
42519,174.40587
42520,307.31476
42521,106.66421
42522,202.48366
42523,84.614334
42524,451.14774
42525,262.1412
42526,559.25854
42527,343.737
42528,160.62784
42529,225.14114
42530,248.5344
42531,183.20125
42532,338.12003
42533,154.49968
42534,486.08734
42535,157.96072
42536,490.47586
42537,303.23795
42538,181.82469
42539,213.1848
42540,325.98816
42541,397.98615
42542,224.99048
42543,539.1669
42544,254.36824
42545,267.03348
42546,167.19429
42547,306.47473
42548,136.14854
42549,229.30157
42550,246.22954
42551,398.55212
42552,214.45087
42553,166.75227
42554,270.768
42555,217.54926
42556,247.57109
42557,482.11444
42558,264.4022
42559,433.46304
42560,141.02615
42561,516.54156
42562,226.68272
42563,246.91199
42564,207.04298
42565,601.3
42566,135.09608
42567,320.9433
42568,139.71605
42569,455.4097
42570,216.82658
42571,340.57587
42572,215.38751
42573,104.0936
42574,378.7726
42575,135.36397
42576,135.77795
42577,131.53596
42578,280.9793
42579,396.51178
42580,139.03392
42581,164.83775
42582,155.77786
42583,190.46266
42584,969.29034
42585,190.31868
42586,420.69574
42587,288.4444
42588,68.27871
42589,285.4164
42590,143.29663
42591,192.6409
42592,117.66249
42593,206.76631
42594,137.74277
42595,130.46846
42596,694.7121
42597,131.98792
42598,257.28815
42599,206.73749
42600,183.96759
42601,215.32957
42602,221.67245
42603,250.35567
42604,243.52597
42605,404.99564
42606,411.11765
42607,196.6402
42608,106.5578
42609,216.49889
42610,275.62082
42611,633.8128
42612,267.28824
42613,327.14795
42614,246.24341
42615,245.82933
42616,202.46452
42617,392.1506
42618,405.09552
42619,326.25342
42620,320.7554
42621,163.86641
42622,129.32014
42623,229.33965
42624,618.33624
42625,753.7075
42626,345.01675
42627,123.61252
42628,307.7658
42629,193.48636
42630,179.0585
42631,560.2066
42632,210.084
42633,92.04656
42634,170.10333
42635,566.0213
42636,144.39326
42637,208.80373
42638,236.9923
42639,279.40585
42640,199.75705
42641,176.7475
42642,160.11687
42643,150.78455
42644,140.97205
42645,545.33215
42646,258.4354
42647,280.67667
42648,262.271
42649,461.69916
42650,144.39413
42651,647.71484
42652,156.7764
42653,172.1017
42654,149.85214
42655,138.35089
42656,156.97974
42657,140.1066
42658,522.88715
42659,165.38211
42660,554.2238
42661,191.91501
42662,316.80475
42663,222.22397
42664,175.04776
42665,228.2577
42666,769.74066
42667,323.1348
42668,188.06052
42669,232.84013
42670,191.54231
42671,130.53487
42672,340.2283
42673,634.79047
42674,162.51387
42675,203.24124
42676,368.1019
42677,284.0663
42678,198.38495
42679,270.15775
42680,711.0496
42681,197.91519
42682,110.162605
42683,123.77478
42684,166.06955
42685,225.5474
42686,131.31035
42687,158.08812
42688,151.33612
42689,645.4674
42690,119.16399
42691,186.52975
42692,709.72406
42693,252.40004
42694,757.76874
42695,389.0381
42696,461.6126
42697,182.871
42698,124.647316
42699,201.01134
42700,272.56314
42701,212.47433
42702,271.40482
42703,257.0602
42704,230.95253
42705,172.58263
42706,215.91203
42707,508.1447
42708,589.4744
42709,84.92857
42710,213.91516
42711,356.06805
42712,217.791
42713,123.5593
42714,131.58844
42715,143.62636
42716,348.24222
42717,226.72272
42718,401.4926
42719,303.49405
42720,249.2498
42721,270.066
42722,155.31593
42723,246.69705
42724,240.13208
42725,409.41922
42726,369.39917
42727,396.35812
42728,119.82175
42729,268.32938
42730,644.314
42731,266.47202
42732,366.5388
42733,130.6859
42734,164.34361
42735,186.76286
42736,361.08606
42737,103.21501
42738,197.057
42739,358.83026
42740,379.87512
42741,408.85434
42742,348.91824
42743,233.90128
42744,173.60828
42745,613.86487
42746,223.28873
42747,151.1159
42748,222.36932
42749,200.66147
42750,259.9042
42751,80.765144
42752,199.36359
42753,434.232
42754,557.5792
42755,219.61633
42756,403.86884
42757,271.93848
42758,163.23961
42759,157.74846
42760,984.35944
42761,464.6887
42762,281.47775
42763,474.06906
42764,417.21423
42765,170.4113
42766,270.0174
42767,162.451
42768,681.0983
42769,323.4631
42770,301.6534
42771,267.35464
42772,103.461876
42773,311.1048
42774,705.2879
42775,728.3074
42776,297.9911
42777,310.40182
42778,132.86673
42779,448.7345
42780,330.6913
42781,176.95935
42782,466.38187
42783,149.72395
42784,201.37627
42785,186.45001
42786,168.73628
42787,239.6472
42788,213.25615
42789,200.75838
42790,218.71448
42791,208.91864
42792,377.26376
42793,628.6525
42794,150.76881
42795,407.68942
42796,202.25096
42797,316.75372
42798,213.30453
42799,219.55333
42800,153.38055
42801,235.86174
42802,189.36633
42803,495.6402
42804,279.1929
42805,287.71786
42806,218.4817
42807,167.15749
42808,191.4689
42809,253.42163
42810,319.20798
42811,252.23335
42812,161.1907
42813,152.14442
42814,175.9836
42815,813.8145
42816,84.608604
42817,272.24176
42818,208.2117
42819,233.52248
42820,171.66093
42821,176.02362
42822,328.41617
42823,156.31119
42824,164.55838
42825,138.29361
42826,859.8867
42827,146.69452
42828,497.02127
42829,130.49448
42830,114.09248
42831,286.55545
42832,407.90854
42833,1003.04095
42834,219.88765
42835,213.65714
42836,766.0553
42837,99.0178
42838,300.56735
42839,189.92668
42840,236.57574
42841,294.60995
42842,239.41405
42843,355.09766
42844,245.33453
42845,373.45053
42846,160.30049
42847,598.32025
42848,195.63678
42849,342.09924
42850,583.93164
42851,251.07843
42852,346.63696
42853,195.19241
42854,152.07346
42855,197.17201
42856,122.51168
42857,306.1522
42858,195.11992
42859,247.00748
42860,301.28143
42861,203.79585
42862,185.17326
42863,471.74014
42864,196.3774
42865,573.06433
42866,128.37456
42867,222.71118
42868,390.08798
42869,233.08598
42870,216.41797
42871,223.02666
42872,661.71277
42873,131.24435
42874,143.36226
42875,304.69406
42876,202.69414
42877,351.68146
42878,164.6049
42879,113.73603
42880,210.99542
42881,301.1271
42882,211.85068
42883,260.77518
42884,185.2501
42885,706.80237
42886,624.2528
42887,187.95071
42888,121.90602
42889,242.44899
42890,200.94748
42891,151.9153
42892,440.83725
42893,190.17308
42894,252.34998
42895,124.30778
42896,188.68646
42897,199.55002
42898,141.2055
42899,194.86398
42900,166.53648
42901,112.2079
42902,182.04536
42903,562.0735
42904,256.74023
42905,169.95258
42906,234.73312
42907,665.1575
42908,202.31763
42909,307.79675
42910,257.96606
42911,78.57015
42912,196.65128
42913,224.28577
42914,168.58607
42915,767.9984
42916,383.4578
42917,163.77661
42918,298.25992
42919,177.38312
42920,243.94177
42921,193.1508
42922,184.31366
42923,183.57468
42924,274.2664
42925,215.40186
42926,177.23146
42927,172.16743
42928,229.75742
42929,182.55463
42930,141.94417
42931,460.80362
42932,768.90375
42933,389.49014
42934,358.71262
42935,395.96442
42936,385.3309
42937,247.39006
42938,765.49915
42939,80.64549
42940,297.81763
42941,134.10258
42942,362.47247
42943,244.57684
42944,634.8734
42945,298.04047
42946,375.8251
42947,137.69713
42948,271.83615
42949,209.13411
42950,439.96628
42951,132.51106
42952,277.00586
42953,337.6405
42954,210.6119
42955,225.62213
42956,362.09216
42957,293.7674
42958,319.60077
42959,140.34435
42960,167.13335
42961,217.11803
42962,271.1391
42963,505.4435
42964,364.21716
42965,320.67834
42966,74.73276
42967,207.0267
42968,246.03288
42969,118.155785
42970,138.9694
42971,264.83337
42972,172.10176
42973,221.07147
42974,412.73166
42975,392.54016
42976,140.4168
42977,331.61526
42978,313.06183
42979,201.1823
42980,350.58423
42981,256.2796
42982,143.5564
42983,262.85794
42984,226.75063
42985,331.0244
42986,271.3725
42987,202.76744
42988,586.20074
42989,227.80746
42990,148.77571
42991,619.2042
42992,597.39496
42993,164.71059
42994,611.1557
42995,156.4724
42996,323.29428
42997,125.806046
42998,181.83702
42999,366.11542
43000,375.65323
43001,420.5448
43002,778.4808
43003,733.5389
43004,370.43658
43005,161.47263
43006,309.8711
43007,250.62
43008,189.26775
43009,135.40952
43010,198.29099
43011,386.05582
43012,271.08997
43013,140.90497
43014,152.09586
43015,332.83167
43016,179.26791
43017,568.80115
43018,599.405
43019,368.5715
43020,837.05414
43021,174.7075
43022,180.34631
43023,640.8373
43024,207.78374
43025,197.29008
43026,671.821
43027,617.8615
43028,199.44963
43029,380.5347
43030,204.54283
43031,266.31363
43032,307.76965
43033,107.18882
43034,189.64435
43035,220.6491
43036,710.9048
43037,159.39752
43038,162.46127
43039,486.84552
43040,148.2641
43041,222.29643
43042,269.23782
43043,440.08765
43044,425.4775
43045,144.95284
43046,217.37177
43047,227.2925
43048,327.18637
43049,104.76387
43050,250.2469
43051,403.82623
43052,270.66962
43053,197.4624
43054,339.23984
43055,123.710236
43056,149.14471
43057,165.6478
43058,122.32999
43059,142.10959
43060,378.11542
43061,382.13593
43062,191.8735
43063,608.9437
43064,363.68625
43065,844.23755
43066,230.49985
43067,190.73871
43068,298.42633
43069,309.01337
43070,145.38718
43071,235.5314
43072,205.86319
43073,229.06409
43074,260.3244
43075,475.5131
43076,1213.0146
43077,174.78409
43078,421.94373
43079,262.83234
43080,128.2252
43081,246.24434
43082,560.51166
43083,194.12576
43084,186.86823
43085,232.00844
43086,410.0542
43087,65.01616
43088,254.20319
43089,206.52518
43090,157.97406
43091,121.27869
43092,157.02657
43093,456.2592
43094,126.263664
43095,705.6548
43096,163.07013
43097,206.90414
43098,212.92268
43099,199.29025
43100,189.65576
43101,141.10909
43102,719.46606
43103,221.70686
43104,182.84317
43105,250.45679
43106,241.08315
43107,217.75478
43108,118.77108
43109,132.06326
43110,285.461
43111,287.31213
43112,471.52716
43113,390.6834
43114,126.43055
43115,335.55594
43116,191.51767
43117,130.61685
43118,263.4318
43119,782.1589
43120,104.615456
43121,791.7712
43122,300.91812
43123,179.98576
43124,428.78574
43125,227.82167
43126,550.1833
43127,273.23608
43128,147.2153
43129,387.16614
43130,219.59491
43131,84.611435
43132,142.64732
43133,207.65773
43134,136.38077
43135,215.48604
43136,683.0448
43137,181.58452
43138,160.59827
43139,398.41684
43140,227.1081
43141,219.12122
43142,253.48618
43143,119.71579
43144,565.5922
43145,226.93944
43146,309.49463
43147,218.84485
43148,375.21732
43149,180.04068
43150,197.67032
43151,227.92052
43152,139.25314
43153,268.35233
43154,202.04544
43155,820.2702
43156,234.96938
43157,90.83313
43158,103.079285
43159,227.52596
43160,90.85327
43161,127.32011
43162,273.07468
43163,489.95334
43164,335.96198
43165,232.11664
43166,270.03128
43167,294.6232
43168,143.24878
43169,286.31656
43170,212.17336
43171,142.93414
43172,324.11728
43173,122.823814
43174,166.60783
43175,121.72034
43176,782.8708
43177,133.39516
43178,113.719025
43179,485.30252
43180,190.81967
43181,249.83078
43182,194.47168
43183,195.51344
43184,288.334
43185,204.50308
43186,267.9127
43187,157.09111
43188,239.86304
43189,390.508
43190,268.56326
43191,568.28754
43192,173.7756
43193,227.35953
43194,176.34999
43195,209.75046
43196,265.1846
43197,249.62941
43198,192.36598
43199,175.99574
43200,153.4204
43201,666.73047
43202,130.71231
43203,356.0722
43204,505.12634
43205,114.80288
43206,338.2391
43207,105.90411
43208,737.95874
43209,264.87042
43210,150.81358
43211,174.43509
43212,157.6904
43213,235.52316
43214,81.31521
43215,174.87166
43216,443.1673
43217,654.5085
43218,150.28122
43219,370.5958
43220,470.01147
43221,363.32312
43222,161.04288
43223,164.87004
43224,136.18405
43225,119.26752
43226,275.07617
43227,231.43686
43228,132.40004
43229,193.02814
43230,266.16135
43231,112.85338
43232,618.43066
43233,200.81717
43234,620.5902
43235,188.52246
43236,274.99963
43237,299.6423
43238,243.57184
43239,154.04454
43240,687.1688
43241,523.7479
43242,376.7087
43243,259.62317
43244,190.80507
43245,286.13214
43246,279.967
43247,174.43639
43248,533.0939
43249,763.3566
43250,188.37288
43251,735.585
43252,610.2349
43253,208.60442
43254,422.10718
43255,393.36533
43256,244.57668
43257,180.05182
43258,347.03522
43259,199.34315
43260,122.312546
43261,140.62155
43262,150.00098
43263,414.94214
43264,395.40567
43265,180.58868
43266,129.21829
43267,108.61589
43268,360.84128
43269,337.3019
43270,177.5815
43271,403.55225
43272,779.18
43273,350.8629
43274,166.17052
43275,578.6083
43276,114.52377
43277,251.78528
43278,164.32379
43279,208.76332
43280,206.12218
43281,491.7584
43282,237.49013
43283,58.945683
43284,103.73834
43285,194.28177
43286,126.338455
43287,162.36703
43288,58.22113
43289,145.32654
43290,160.59195
43291,470.95355
43292,1346.1337
43293,149.1914
43294,194.55606
43295,388.19327
43296,277.58847
43297,464.90393
43298,405.32947
43299,574.91797
43300,233.61261
43301,400.1345
43302,283.65552
43303,184.68388
43304,332.45505
43305,280.04724
43306,224.89587
43307,237.1603
43308,260.67255
43309,95.55782
43310,281.5838
43311,253.65244
43312,223.38118
43313,570.2318
43314,329.17218
43315,381.70282
43316,277.28226
43317,218.1893
43318,176.19075
43319,144.0109
43320,138.99612
43321,209.17775
43322,891.55536
43323,241.19537
43324,250.40901
43325,145.06485
43326,137.26576
43327,273.63147
43328,255.34314
43329,136.88208
43330,747.2952
43331,197.70667
43332,199.63387
43333,97.34843
43334,218.7896
43335,74.6766
43336,167.43022
43337,157.16914
43338,364.26492
43339,213.24171
43340,223.54387
43341,265.45404
43342,170.00952
43343,162.57472
43344,1021.24536
43345,187.74817
43346,232.11981
43347,433.50732
43348,152.47368
43349,148.63708
43350,130.49583
43351,234.70052
43352,198.91283
43353,145.68855
43354,381.01407
43355,223.84402
43356,297.12967
43357,212.0429
43358,401.79767
43359,384.0883
43360,54.67829
43361,174.02269
43362,93.527916
43363,195.94098
43364,163.21318
43365,244.39835
43366,285.38705
43367,147.42715
43368,187.31496
43369,167.37807
43370,811.17566
43371,269.50623
43372,298.34232
43373,393.96304
43374,209.88583
43375,255.39241
43376,96.01943
43377,159.4743
43378,135.13728
43379,225.71829
43380,260.82233
43381,695.543
43382,380.5836
43383,484.14084
43384,139.21037
43385,343.10565
43386,537.5052
43387,746.3584
43388,337.23807
43389,296.65533
43390,344.7174
43391,266.71997
43392,474.36487
43393,170.80681
43394,175.80815
43395,252.52338
43396,208.61095
43397,224.9574
43398,240.3632
43399,232.56642
43400,436.48267
43401,124.76742
43402,211.77138
43403,393.34854
43404,467.57935
43405,140.52144
43406,228.63884
43407,132.06555
43408,242.17593
43409,617.66144
43410,269.07236
43411,583.3783
43412,373.48328
43413,156.28442
43414,168.59872
43415,330.5529
43416,708.47095
43417,377.44797
43418,349.75348
43419,194.92899
43420,738.85443
43421,114.43861
43422,318.52643
43423,205.33939
43424,445.43088
43425,162.41338
43426,731.83704
43427,167.35622
43428,261.25635
43429,192.63118
43430,300.90332
43431,130.82715
43432,544.52924
43433,417.94684
43434,150.92827
43435,257.0733
43436,231.29002
43437,326.50967
43438,269.25507
43439,143.87836
43440,190.33913
43441,440.94736
43442,225.80173
43443,189.18863
43444,216.64049
43445,321.25888
43446,259.90448
43447,256.49506
43448,224.30066
43449,165.7515
43450,272.5954
43451,290.27438
43452,107.08877
43453,256.0748
43454,281.97104
43455,379.36713
43456,141.32747
43457,261.94293
43458,320.22375
43459,202.5674
43460,765.021
43461,139.71826
43462,143.44255
43463,136.12077
43464,349.4485
43465,178.76068
43466,221.9997
43467,510.80154
43468,153.63043
43469,372.45596
43470,142.29662
43471,171.46648
43472,346.4443
43473,693.8337
43474,803.77966
43475,140.8589
43476,164.9576
43477,309.74423
43478,163.53017
43479,166.2543
43480,204.30936
43481,235.97258
43482,157.72609
43483,160.39178
43484,127.9212
43485,131.44852
43486,379.53305
43487,144.32486
43488,287.34268
43489,626.93634
43490,179.84157
43491,148.10301
43492,130.49033
43493,147.32346
43494,195.25386
43495,169.37505
43496,259.93143
43497,162.36086
43498,312.33093
43499,555.1507
43500,249.23738
43501,272.60156
43502,440.88028
43503,68.58752
43504,140.79694
43505,450.8339
43506,293.91388
43507,518.3444
43508,157.70093
43509,156.03471
43510,536.13324
43511,131.61615
43512,175.22192
43513,234.70549
43514,293.78738
43515,567.2594
43516,229.80333
43517,145.50597
43518,371.84958
43519,150.47928
43520,320.9484
43521,679.6526
43522,440.6334
43523,193.18236
43524,192.97209
43525,164.01321
43526,405.14584
43527,785.2177
43528,931.69525
43529,164.46774
43530,452.34644
43531,305.61044
43532,196.20107
43533,163.80602
43534,286.88815
43535,1359.1112
43536,187.19234
43537,274.74414
43538,720.2599
43539,192.56845
43540,356.15198
43541,187.02971
43542,401.78854
43543,308.39783
43544,299.17676
43545,401.53
43546,133.43373
43547,294.70444
43548,608.283
43549,334.57208
43550,167.73558
43551,448.68927
43552,175.7412
43553,409.2502
43554,172.94977
43555,219.12985
43556,1082.4598
43557,395.0366
43558,361.35895
43559,223.74974
43560,187.13702
43561,336.49426
43562,300.5074
43563,193.73529
43564,806.6009
43565,239.69034
43566,379.62738
43567,347.01562
43568,223.12297
43569,193.08716
43570,422.59958
43571,207.29408
43572,308.9205
43573,340.40573
43574,306.72253
43575,292.27643
43576,134.6997
43577,461.90033
43578,284.4922
43579,214.21245
43580,243.47739
43581,205.56702
43582,166.39853
43583,431.3324
43584,95.30973
43585,98.66228
43586,159.26181
43587,254.73392
43588,386.77005
43589,265.5833
43590,552.8479
43591,222.32526
43592,202.73448
43593,207.10388
43594,101.32991
43595,454.7028
43596,239.04445
43597,286.56754
43598,288.31927
43599,179.10982
43600,263.5321
43601,118.174835
43602,483.58255
43603,98.389114
43604,228.77007
43605,117.08818
43606,266.5817
43607,418.4008
43608,127.1795
43609,105.743355
43610,103.833755
43611,88.12129
43612,282.23718
43613,216.99348
43614,596.139
43615,272.5195
43616,674.0812
43617,284.85046
43618,219.1782
43619,261.33997
43620,153.08426
43621,219.99545
43622,239.99939
43623,412.44104
43624,440.60626
43625,701.9406
43626,202.69556
43627,229.82986
43628,158.76675
43629,130.91035
43630,377.8556
43631,281.5751
43632,156.79361
43633,493.22043
43634,278.96478
43635,148.78246
43636,139.54713
43637,361.33252
43638,245.6124
43639,315.96262
43640,200.33583
43641,191.57056
43642,363.28397
43643,194.81941
43644,308.78467
43645,206.0855
43646,153.83125
43647,415.1313
43648,376.6167
43649,139.97488
43650,312.18347
43651,175.87907
43652,555.1083
43653,462.78415
43654,270.1482
43655,295.21362
43656,213.2887
43657,177.24332
43658,566.21857
43659,143.35275
43660,226.08836
43661,235.45619
43662,199.60632
43663,261.87363
43664,156.29277
43665,203.07277
43666,209.80403
43667,257.82578
43668,282.1967
43669,210.02908
43670,532.5618
43671,454.00876
43672,233.98
43673,218.57515
43674,788.4874
43675,348.1265
43676,131.81805
43677,736.4109
43678,163.28279
43679,196.88126
43680,615.495
43681,141.64317
43682,147.00348
43683,198.20331
43684,117.73482
43685,197.1512
43686,221.00488
43687,221.82532
43688,1146.9261
43689,402.2246
43690,328.2485
43691,401.88882
43692,448.72525
43693,141.81787
43694,139.35522
43695,344.68478
43696,530.7942
43697,227.37581
43698,176.45497
43699,370.18155
43700,230.9431
43701,260.1403
43702,97.84539
43703,310.6128
43704,700.9422
43705,351.51816
43706,375.13196
43707,271.73248
43708,222.6672
43709,273.36963
43710,467.22296
43711,298.39017
43712,449.86755
43713,153.51595
43714,211.1789
43715,95.91465
43716,147.93333
43717,290.7115
43718,109.12274
43719,175.31052
43720,329.19498
43721,213.26309
43722,233.87794
43723,338.87787
43724,208.43718
43725,362.344
43726,198.30144
43727,238.4462
43728,277.76035
43729,235.74994
43730,522.53674
43731,662.0945
43732,168.49254
43733,532.66284
43734,227.30063
43735,244.89249
43736,225.3561
43737,245.28749
43738,225.34952
43739,137.81541
43740,309.00717
43741,189.80952
43742,795.56525
43743,702.82025
43744,231.03897
43745,155.43196
43746,389.09732
43747,149.21782
43748,301.63818
43749,140.8367
43750,239.25899
43751,223.91943
43752,325.94888
43753,143.39105
43754,94.503845
43755,230.18822
43756,182.80602
43757,326.0782
43758,258.61063
43759,205.31396
43760,130.28198
43761,245.54933
43762,124.50072
43763,592.9898
43764,299.6672
43765,272.93195
43766,179.71156
43767,162.79243
43768,261.92102
43769,176.61456
43770,2342.7322
43771,486.39462
43772,222.84554
43773,140.8289
43774,321.4037
43775,306.09216
43776,323.22708
43777,180.2479
43778,746.94415
43779,444.14447
43780,294.52475
43781,135.59708
43782,148.605
43783,207.53531
43784,203.04176
43785,208.46559
43786,188.38885
43787,150.685
43788,190.09528
43789,276.2962
43790,145.55695
43791,114.096825
43792,178.40742
43793,135.43845
43794,128.10446
43795,589.7562
43796,200.63579
43797,374.3125
43798,646.1641
43799,169.34981
43800,985.17145
43801,286.1015
43802,511.17252
43803,561.7649
43804,293.49585
43805,301.56635
43806,187.58582
43807,109.12614
43808,173.81187
43809,689.25806
43810,151.23517
43811,135.63742
43812,368.52478
43813,355.87067
43814,223.57138
43815,265.7308
43816,269.3271
43817,186.41315
43818,208.43295
43819,169.2916
43820,180.18643
43821,146.33334
43822,608.53955
43823,423.5844
43824,444.36124
43825,216.91054
43826,248.40019
43827,1020.37714
43828,40.016857
43829,236.14134
43830,195.86507
43831,225.97488
43832,229.658
43833,161.85614
43834,136.4061
43835,127.38802
43836,574.0718
43837,119.52283
43838,161.22774
43839,343.6134
43840,572.86206
43841,305.841
43842,189.5193
43843,1793.9531
43844,210.13513
43845,239.90666
43846,355.88495
43847,308.99277
43848,253.84132
43849,259.98514
43850,316.45334
43851,209.12933
43852,226.48691
43853,408.52475
43854,266.8361
43855,209.3206
43856,152.68542
43857,504.8615
43858,143.18456
43859,591.38763
43860,47.832653
43861,325.55066
43862,329.37265
43863,1100.3743
43864,259.57962
43865,243.10445
43866,194.92819
43867,219.48335
43868,564.1683
43869,148.5837
43870,428.63187
43871,197.28165
43872,211.7572
43873,145.70987
43874,308.77844
43875,192.19916
43876,413.66785
43877,754.3314
43878,298.49695
43879,107.03138
43880,567.41766
43881,498.5286
43882,151.14459
43883,314.18167
43884,155.92978
43885,285.25064
43886,458.65045
43887,241.63432
43888,190.32796
43889,225.90755
43890,223.26389
43891,298.65527
43892,180.96237
43893,179.79427
43894,332.3633
43895,57.318233
43896,154.32005
43897,210.21399
43898,261.04147
43899,174.77242
43900,157.47325
43901,303.5467
43902,199.51064
43903,395.33185
43904,518.90125
43905,197.13536
43906,104.896866
43907,176.51529
43908,149.43675
43909,146.49129
43910,217.98793
43911,113.47267
43912,113.0749
43913,76.5961
43914,200.23482
43915,311.77185
43916,193.15022
43917,245.83018
43918,190.76141
43919,277.053
43920,208.27151
43921,98.59917
43922,281.95258
43923,249.0801
43924,171.43521
43925,153.23106
43926,506.75418
43927,153.04836
43928,304.2134
43929,188.53325
43930,232.26672
43931,199.78493
43932,271.9453
43933,604.30005
43934,172.21877
43935,295.03433
43936,876.46857
43937,409.12482
43938,154.40701
43939,215.00896
43940,254.57365
43941,468.47827
43942,143.70131
43943,450.76346
43944,194.74197
43945,175.31667
43946,236.71632
43947,250.88669
43948,204.9053
43949,833.33966
43950,106.358055
43951,231.89674
43952,393.57874
43953,202.02951
43954,177.34221
43955,301.3584
43956,308.03445
43957,367.01144
43958,221.15425
43959,244.61589
43960,567.9437
43961,166.19945
43962,273.93823
43963,191.2998
43964,293.2731
43965,467.23038
43966,280.26898
43967,206.9126
43968,174.28601
43969,203.53793
43970,307.72443
43971,150.4824
43972,737.61426
43973,214.18248
43974,190.54662
43975,175.94081
43976,115.73192
43977,407.60565
43978,283.9916
43979,211.12132
43980,274.79706
43981,318.65732
43982,467.30194
43983,134.22679
43984,421.94827
43985,327.04688
43986,103.572556
43987,290.18555
43988,181.32033
43989,222.74097
43990,604.7037
43991,185.25658
43992,132.79529
43993,135.10907
43994,114.99315
43995,268.10782
43996,152.57893
43997,260.38284
43998,237.79643
43999,131.85246
44000,316.8959
44001,345.1934
44002,172.09134
44003,348.10672
44004,450.52948
44005,221.61722
44006,359.35562
44007,512.23126
44008,162.33087
44009,396.2714
44010,165.10782
44011,225.54395
44012,253.80501
44013,794.2267
44014,301.50543
44015,175.28276
44016,462.89597
44017,258.21335
44018,224.4232
44019,176.22806
44020,98.13309
44021,151.24405
44022,865.45416
44023,166.70572
44024,177.219
44025,150.43254
44026,243.59296
44027,386.59256
44028,189.64566
44029,372.03616
44030,245.42215
44031,384.4571
44032,190.52596
44033,615.57477
44034,92.85492
44035,205.0034
44036,424.51862
44037,76.06931
44038,278.53464
44039,152.69148
44040,416.1735
44041,450.28748
44042,144.67662
44043,175.94507
44044,191.43439
44045,453.19647
44046,338.78888
44047,226.9498
44048,204.45306
44049,169.35896
44050,257.75824
44051,294.40652
44052,313.49655
44053,259.23654
44054,197.48436
44055,314.5632
44056,319.13126
44057,318.59653
44058,339.69138
44059,96.61805
44060,147.14532
44061,249.01453
44062,122.665825
44063,292.9093
44064,418.96234
44065,290.20505
44066,226.92354
44067,196.96434
44068,146.6842
44069,124.14996
44070,725.57214
44071,195.50389
44072,113.87222
44073,212.38402
44074,581.8848
44075,187.71098
44076,243.83025
44077,203.07812
44078,177.2945
44079,271.93716
44080,105.601
44081,200.55704
44082,154.95256
44083,379.55914
44084,271.18594
44085,833.14856
44086,202.30946
44087,483.8957
44088,177.91602
44089,147.16597
44090,117.516365
44091,158.68495
44092,148.19771
44093,339.15848
44094,471.80255
44095,264.24698
44096,439.7441
44097,238.62868
44098,195.2557
44099,198.37038
44100,744.8002
44101,146.40585
44102,178.07912
44103,821.9573
44104,121.988
44105,239.44232
44106,241.64894
44107,133.86559
44108,384.77475
44109,205.2025
44110,333.68216
44111,241.05913
44112,400.44305
44113,296.35153
44114,143.99268
44115,221.76338
44116,597.7368
44117,130.26405
44118,188.02046
44119,265.43262
44120,623.5687
44121,162.37943
44122,65.84937
44123,377.01758
44124,136.82942
44125,132.21196
44126,299.00595
44127,316.65268
44128,280.90598
44129,184.89825
44130,172.65169
44131,246.7387
44132,265.05383
44133,188.48334
44134,252.79694
44135,340.9448
44136,389.44208
44137,366.6995
44138,206.31085
44139,128.58275
44140,146.82
44141,152.5053
44142,239.10378
44143,164.25195
44144,159.80229
44145,660.9336
44146,402.5113
44147,192.83476
44148,193.87582
44149,274.1608
44150,172.39607
44151,669.23175
44152,174.61148
44153,112.9601
44154,77.26075
44155,337.52203
44156,146.54237
44157,211.84671
44158,240.1857
44159,196.64384
44160,313.77225
44161,192.91641
44162,462.17596
44163,825.12836
44164,195.1599
44165,93.067444
44166,588.7961
44167,264.75174
44168,134.229
44169,239.20535
44170,225.63007
44171,128.69643
44172,191.37471
44173,321.51697
44174,116.81319
44175,106.95829
44176,241.59927
44177,192.68784
44178,133.68617
44179,200.71777
44180,140.54535
44181,280.7332
44182,195.78404
44183,442.13058
44184,260.54453
44185,294.28183
44186,649.98834
44187,194.00699
44188,73.79352
44189,330.53976
44190,238.75533
44191,275.4779
44192,410.0531
44193,311.7692
44194,204.50604
44195,427.82584
44196,567.2163
44197,108.71867
44198,268.18622
44199,180.49847
44200,210.91402
44201,263.9627
44202,1083.0927
44203,415.12866
44204,111.17414
44205,774.04364
44206,118.11386
44207,354.73456
44208,137.28737
44209,98.626015
44210,654.7142
44211,632.03217
44212,181.45561
44213,111.72126
44214,255.41302
44215,441.5089
44216,135.78432
44217,406.90228
44218,820.6661
44219,170.20247
44220,263.10648
44221,286.48602
44222,221.90765
44223,296.9624
44224,191.14926
44225,238.18459
44226,416.7413
44227,194.01822
44228,147.31717
44229,278.56808
44230,496.403
44231,276.10217
44232,224.47578
44233,258.52103
44234,209.57149
44235,247.55069
44236,168.32445
44237,211.13289
44238,572.5801
44239,459.11475
44240,137.64813
44241,460.62674
44242,534.80255
44243,323.4272
44244,173.7704
44245,130.94498
44246,295.5923
44247,218.32109
44248,163.33478
44249,208.78336
44250,121.91355
44251,138.22647
44252,201.9395
44253,319.6931
44254,409.7256
44255,192.43831
44256,214.96497
44257,566.2221
44258,278.3356
44259,222.29105
44260,158.13449
44261,248.65527
44262,574.13727
44263,281.40607
44264,173.88777
44265,226.49281
44266,135.4061
44267,224.97794
44268,344.2246
44269,463.2218
44270,320.70853
44271,299.02585
44272,136.42606
44273,137.77133
44274,725.592
44275,247.32904
44276,263.6853
44277,291.346
44278,517.7029
44279,425.2538
44280,118.25515
44281,172.80054
44282,209.72224
44283,120.35279
44284,87.98174
44285,243.9651
44286,585.7739
44287,152.30365
44288,293.20398
44289,351.8158
44290,372.73932
44291,217.68402
44292,822.0179
44293,354.12134
44294,224.03632
44295,202.81728
44296,133.06705
44297,241.94191
44298,186.43582
44299,335.32767
44300,158.78923
44301,98.7001
44302,168.2034
44303,145.5517
44304,287.2021
44305,354.5738
44306,175.4449
44307,508.7095
44308,220.23206
44309,709.7992
44310,203.95534
44311,218.77664
44312,423.30957
44313,143.997
44314,135.12862
44315,203.64551
44316,105.22754
44317,161.7268
44318,318.83414
44319,116.700966
44320,149.48561
44321,140.86745
44322,252.14706
44323,346.7542
44324,199.8196
44325,213.89453
44326,144.02454
44327,158.8715
44328,141.31651
44329,194.5107
44330,130.21521
44331,283.7776
44332,379.58395
44333,204.76877
44334,172.89838
44335,272.7916
44336,121.72931
44337,742.1266
44338,132.21439
44339,115.99433
44340,272.96066
44341,378.18488
44342,120.67278
44343,346.3655
44344,166.39505
44345,323.4136
44346,366.80936
44347,303.3272
44348,752.0036
44349,241.41264
44350,182.5411
44351,799.17017
44352,504.4477
44353,146.58275
44354,157.0957
44355,163.80545
44356,250.4256
44357,142.18977
44358,328.1883
44359,135.23674
44360,262.40436
44361,110.661865
44362,229.96056
44363,176.80779
44364,107.01011
44365,212.6556
44366,317.4148
44367,143.2293
44368,325.25647
44369,297.91003
44370,179.15599
44371,264.09006
44372,210.71877
44373,638.4637
44374,315.55423
44375,1956.4812
44376,503.72888
44377,144.49312
44378,180.50497
44379,214.77916
44380,364.29886
44381,186.89857
44382,286.2664
44383,150.68677
44384,220.41933
44385,145.029
44386,73.93993
44387,133.2645
44388,224.06999
44389,378.58484
44390,258.3335
44391,281.01187
44392,233.09781
44393,162.48575
44394,470.85953
44395,157.93991
44396,210.96754
44397,328.95703
44398,624.3889
44399,248.22273
44400,362.52686
44401,159.05727
44402,286.9792
44403,180.12943
44404,583.56726
44405,351.65817
44406,139.69955
44407,1024.1755
44408,252.35007
44409,374.95288
44410,280.35956
44411,295.8182
44412,181.29259
44413,359.1902
44414,184.41087
44415,388.4783
44416,158.90874
44417,492.04724
44418,548.8283
44419,589.1288
44420,201.29128
44421,344.42957
44422,282.18726
44423,387.44528
44424,181.3334
44425,165.40324
44426,325.68408
44427,269.64987
44428,390.9573
44429,159.27928
44430,391.57895
44431,252.30772
44432,199.43987
44433,223.10689
44434,710.89874
44435,83.94961
44436,217.18053
44437,95.80793
44438,141.60226
44439,174.13803
44440,257.53162
44441,244.36783
44442,156.17236
44443,172.47112
44444,340.52356
44445,421.90186
44446,629.27924
44447,222.48697
44448,448.094
44449,264.23502
44450,297.27905
44451,332.97418
44452,239.3575
44453,128.52353
44454,488.5158
44455,299.64008
44456,280.99292
44457,507.60223
44458,239.97815
44459,323.67358
44460,722.07056
44461,237.5302
44462,200.50874
44463,597.56287
44464,131.92671
44465,484.0122
44466,478.35715
44467,80.13521
44468,112.55963
44469,237.07658
44470,730.7006
44471,551.98926
44472,356.27676
44473,514.72504
44474,128.43404
44475,848.9704
44476,208.76317
44477,156.65723
44478,159.60825
44479,175.91
44480,190.9999
44481,343.44366
44482,482.12738
44483,174.85324
44484,197.66014
44485,197.98933
44486,258.1716
44487,219.80185
44488,1463.4523
44489,274.0927
44490,372.96442
44491,252.47267
44492,217.22054
44493,284.8516
44494,277.6362
44495,402.33612
44496,240.07271
44497,100.986984
44498,414.67996
44499,142.6318
44500,458.19232
44501,395.87134
44502,281.8308
44503,179.0019
44504,99.31604
44505,96.83217
44506,547.72095
44507,158.72362
44508,265.52298
44509,304.21524
44510,178.94331
44511,124.587105
44512,432.2396
44513,146.23634
44514,575.3537
44515,350.48987
44516,201.5029
44517,297.1811
44518,123.4152
44519,161.36316
44520,205.76291
44521,166.37386
44522,167.83989
44523,201.50726
44524,350.30847
44525,307.79272
44526,276.7982
44527,533.455
44528,376.1639
44529,374.50635
44530,129.78444
44531,209.73415
44532,152.22137
44533,240.42293
44534,211.25002
44535,210.81995
44536,266.44412
44537,226.1604
44538,256.25446
44539,354.8483
44540,215.83722
44541,108.018906
44542,211.62816
44543,130.65451
44544,317.2838
44545,223.78946
44546,263.68622
44547,135.07843
44548,470.30444
44549,116.140114
44550,418.77704
44551,459.93326
44552,205.47006
44553,151.22923
44554,774.93195
44555,328.81064
44556,197.68835
44557,84.40461
44558,498.72644
44559,203.50333
44560,357.408
44561,141.53151
44562,168.58896
44563,391.2494
44564,602.3836
44565,139.95866
44566,156.82272
44567,325.64703
44568,544.15497
44569,322.626
44570,191.19456
44571,145.03116
44572,145.30617
44573,362.64432
44574,195.73537
44575,389.91898
44576,140.00092
44577,296.81888
44578,385.7513
44579,358.90582
44580,152.51254
44581,169.13232
44582,337.1756
44583,177.64659
44584,199.79607
44585,133.80945
44586,569.1642
44587,182.81999
44588,201.44211
44589,114.825935
44590,486.4719
44591,244.31189
44592,204.14792
44593,195.00444
44594,159.13348
44595,252.27925
44596,230.73863
44597,423.38605
44598,319.4969
44599,287.2635
44600,252.01062
44601,159.9414
44602,219.13919
44603,219.71954
44604,185.43488
44605,217.34492
44606,473.56946
44607,770.0733
44608,128.80414
44609,410.91324
44610,989.40356
44611,269.57483
44612,278.42758
44613,157.94981
44614,209.6647
44615,130.35365
44616,328.17633
44617,288.5247
44618,311.8069
44619,130.07448
44620,279.81152
44621,276.73032
44622,226.48978
44623,547.6169
44624,159.12201
44625,583.47876
44626,255.40733
44627,306.52045
44628,352.2342
44629,138.87447
44630,318.0559
44631,298.9311
44632,166.47641
44633,172.33133
44634,276.42322
44635,64.1546
44636,243.39668
44637,235.41898
44638,194.0858
44639,258.73663
44640,225.39885
44641,119.766304
44642,252.2521
44643,457.67096
44644,180.95865
44645,246.11343
44646,228.58655
44647,98.68956
44648,191.95201
44649,142.05429
44650,202.58432
44651,249.0951
44652,297.867
44653,205.69548
44654,299.24536
44655,444.58884
44656,344.12573
44657,266.49655
44658,291.81418
44659,148.6748
44660,292.28537
44661,631.70355
44662,150.96204
44663,258.435
44664,248.35466
44665,147.76425
44666,125.30011
44667,297.8751
44668,160.36143
44669,164.66992
44670,325.0107
44671,121.58495
44672,109.84088
44673,624.27893
44674,186.96402
44675,364.63425
44676,188.02869
44677,194.11847
44678,213.96391
44679,120.98311
44680,287.37286
44681,186.15306
44682,221.40483
44683,125.77604
44684,144.47215
44685,238.41222
44686,223.40381
44687,144.691
44688,590.3005
44689,385.58054
44690,233.45076
44691,422.5583
44692,457.19897
44693,113.88391
44694,259.72302
44695,187.9753
44696,370.3474
44697,268.57007
44698,213.99841
44699,272.2785
44700,110.14796
44701,359.71707
44702,327.32996
44703,345.342
44704,391.43185
44705,142.41829
44706,164.47398
44707,251.01569
44708,98.756165
44709,415.22693
44710,232.00392
44711,292.8119
44712,176.77814
44713,919.69977
44714,290.70667
44715,301.64682
44716,307.74545
44717,96.080185
44718,114.581184
44719,1027.7068
44720,332.20645
44721,392.84808
44722,190.5146
44723,217.94395
44724,215.60266
44725,174.51624
44726,260.99023
44727,341.643
44728,629.601
44729,198.54294
44730,263.20007
44731,135.42986
44732,124.75348
44733,307.90753
44734,220.85846
44735,184.25578
44736,166.02013
44737,315.44504
44738,245.62871
44739,628.03577
44740,205.22305
44741,542.33887
44742,693.62195
44743,219.8941
44744,175.74794
44745,459.84515
44746,121.91021
44747,243.33289
44748,256.66245
44749,284.3403
44750,158.78
44751,267.1465
44752,156.348
44753,205.06058
44754,280.38687
44755,250.12973
44756,239.54904
44757,243.17162
44758,440.62686
44759,137.49393
44760,376.9446
44761,302.12518
44762,761.80383
44763,249.89261
44764,156.39445
44765,297.14612
44766,238.63268
44767,923.1351
44768,120.33673
44769,457.35193
44770,641.3378
44771,206.53918
44772,250.6691
44773,260.66513
44774,132.63486
44775,202.44234
44776,237.0117
44777,306.47195
44778,149.6645
44779,274.70688
44780,357.37347
44781,215.62477
44782,446.93576
44783,218.9264
44784,386.62204
44785,145.75989
44786,286.906
44787,321.43097
44788,107.70455
44789,790.3991
44790,331.1797
44791,458.22147
44792,220.23828
44793,262.32336
44794,354.25546
44795,316.67688
44796,937.1854
44797,250.83249
44798,691.33905
44799,230.73102
44800,360.64374
44801,123.896355
44802,665.0693
44803,285.92807
44804,740.8782
44805,334.00674
44806,137.93683
44807,95.3276
44808,212.95561
44809,359.16504
44810,233.7784
44811,210.3621
44812,188.85669
44813,1041.4518
44814,174.41878
44815,283.28058
44816,472.58508
44817,465.60373
44818,208.8542
44819,121.84136
44820,929.15247
44821,294.60254
44822,320.98648
44823,181.65128
44824,215.64716
44825,270.8996
44826,426.3705
44827,164.70955
44828,423.70346
44829,159.70486
44830,230.49863
44831,128.5607
44832,185.19826
44833,154.69188
44834,199.4889
44835,123.29998
44836,144.16988
44837,189.176
44838,317.91425
44839,138.11641
44840,231.1907
44841,300.98584
44842,262.49393
44843,388.1136
44844,139.45883
44845,115.83801
44846,196.78543
44847,473.31598
44848,202.01941
44849,157.65872
44850,152.31909
44851,98.24196
44852,122.53228
44853,364.1962
44854,139.44301
44855,218.8974
44856,316.9244
44857,916.7503
44858,362.71002
44859,314.98154
44860,166.41437
44861,284.7339
44862,183.91266
44863,133.154
44864,469.24615
44865,189.04361
44866,182.9969
44867,366.54163
44868,423.5764
44869,86.447975
44870,229.1135
44871,377.28348
44872,230.57883
44873,124.85906
44874,353.07126
44875,133.25142
44876,239.03511
44877,239.99063
44878,263.29794
44879,194.50572
44880,118.99375
44881,118.36557
44882,275.23538
44883,544.8043
44884,164.99083
44885,316.38965
44886,320.02344
44887,288.24115
44888,259.84692
44889,208.1972
44890,170.57933
44891,840.38165
44892,361.47815
44893,210.02042
44894,279.23987
44895,129.88994
44896,203.62758
44897,118.3441
44898,196.86182
44899,306.67874
44900,192.91293
44901,160.80196
44902,154.47086
44903,176.06705
44904,688.5243
44905,232.96866
44906,188.40974
44907,170.22534
44908,145.1976
44909,421.33533
44910,314.4651
44911,137.12709
44912,293.0694
44913,183.29967
44914,308.44614
44915,262.75684
44916,371.66998
44917,276.4044
44918,299.6893
44919,486.43762
44920,132.50587
44921,474.5371
44922,230.57275
44923,300.74097
44924,363.09375
44925,466.43716
44926,237.6661
44927,172.0155
44928,270.42758
44929,176.19731
44930,889.81415
44931,298.49698
44932,166.28477
44933,156.21204
44934,252.87843
44935,171.09335
44936,341.36038
44937,518.54364
44938,151.24931
44939,225.15988
44940,155.41747
44941,312.16226
44942,186.65788
44943,374.78018
44944,288.63785
44945,135.72023
44946,514.66064
44947,274.36755
44948,375.28802
44949,237.13261
44950,286.23065
44951,130.48802
44952,205.46953
44953,121.79592
44954,331.85507
44955,220.92795
44956,146.64058
44957,390.29517
44958,216.8995
44959,167.00145
44960,157.11696
44961,391.18057
44962,256.15848
44963,279.82004
44964,137.08643
44965,176.25014
44966,191.75386
44967,199.83739
44968,211.01944
44969,134.41046
44970,270.53235
44971,195.79283
44972,316.79318
44973,237.221
44974,215.50557
44975,129.67992
44976,133.0165
44977,406.91888
44978,245.50967
44979,248.96036
44980,327.20853
44981,793.11475
44982,196.77652
44983,205.01828
44984,147.35295
44985,523.8788
44986,119.754875
44987,121.84382
44988,168.58795
44989,197.19878
44990,177.57977
44991,203.24202
44992,177.65323
44993,243.84276
44994,561.0829
44995,747.6468
44996,224.44841
44997,261.5445
44998,307.10382
44999,168.73997
45000,151.09729
45001,222.37837
45002,414.48425
45003,148.07697
45004,395.13272
45005,264.0197
45006,116.1918
45007,377.06766
45008,119.65223
45009,296.237
45010,483.0448
45011,210.34866
45012,152.5389
45013,261.88565
45014,113.65842
45015,179.8696
45016,1238.8342
45017,323.5819
45018,729.3496
45019,269.94916
45020,250.92268
45021,166.60991
45022,88.953766
45023,335.75192
45024,103.200356
45025,799.25214
45026,373.42288
45027,167.90248
45028,179.59209
45029,190.51979
45030,123.37898
45031,320.49854
45032,385.95728
45033,124.92538
45034,223.18643
45035,152.30563
45036,221.34077
45037,199.54187
45038,457.02853
45039,244.14375
45040,226.33104
45041,180.95186
45042,198.61757
45043,235.98236
45044,155.29718
45045,324.6474
45046,141.07353
45047,142.9852
45048,137.94234
45049,135.32884
45050,861.2209
45051,258.21695
45052,739.5545
45053,104.03464
45054,161.07411
45055,371.88306
45056,264.29492
45057,129.35773
45058,257.35214
45059,202.0719
45060,643.0599
45061,479.4206
45062,432.88763
45063,153.69702
45064,149.70415
45065,135.06508
45066,231.16602
45067,232.12814
45068,131.61891
45069,294.24777
45070,170.31117
45071,185.44576
45072,272.41925
45073,272.1643
45074,269.50208
45075,324.64478
45076,214.39691
45077,184.6105
45078,253.114
45079,795.29315
45080,193.47353
45081,274.7685
45082,319.0325
45083,194.3321
45084,210.59044
45085,152.58488
45086,155.36153
45087,178.8747
45088,220.9365
45089,247.32944
45090,496.03302
45091,208.61377
45092,246.57567
45093,297.68134
45094,274.94244
45095,333.4269
45096,187.42888
45097,356.16162
45098,215.61607
45099,283.48434
45100,497.2841
45101,320.19513
45102,208.30081
45103,288.41025
45104,275.33926
45105,198.14415
45106,318.79333
45107,669.2916
45108,240.77681
45109,162.56493
45110,289.92752
45111,118.28555
45112,376.94125
45113,278.56213
45114,270.76785
45115,168.03021
45116,211.27837
45117,566.01245
45118,111.300316
45119,248.8399
45120,241.63521
45121,370.70377
45122,229.04477
45123,405.96194
45124,132.12273
45125,115.627304
45126,515.53723
45127,364.8097
45128,111.13186
45129,219.63863
45130,220.65627
45131,229.84607
45132,284.04935
45133,110.06778
45134,209.81577
45135,182.27068
45136,104.35395
45137,628.7751
45138,208.33879
45139,149.055
45140,234.20715
45141,644.93195
45142,209.98299
45143,178.5555
45144,342.8303
45145,239.52803
45146,266.91003
45147,127.54016
45148,278.19138
45149,177.1974
45150,171.02263
45151,248.28264
45152,292.88797
45153,327.7547
45154,441.46402
45155,368.73163
45156,429.18015
45157,273.43375
45158,651.26434
45159,225.73749
45160,157.41066
45161,146.23607
45162,311.4389
45163,287.95886
45164,281.3502
45165,323.25095
45166,181.8173
45167,621.58856
45168,210.52426
45169,698.81854
45170,597.6895
45171,178.67369
45172,191.18541
45173,1100.5272
45174,215.1215
45175,222.87274
45176,213.65295
45177,358.0278
45178,502.9681
45179,262.30624
45180,161.81108
45181,633.4498
45182,207.49995
45183,354.78403
45184,194.89359
45185,138.22823
45186,196.92874
45187,441.61383
45188,516.56866
45189,426.27194
45190,258.4959
45191,143.29887
45192,212.87398
45193,458.3901
45194,198.98302
45195,319.38385
45196,215.85843
45197,133.63629
45198,276.67862
45199,294.7189
45200,229.57668
45201,370.40164
45202,170.1554
45203,557.6863
45204,364.81802
45205,290.1266
45206,384.04272
45207,268.159
45208,373.588
45209,194.63339
45210,83.27161
45211,288.69382
45212,274.62717
45213,419.76746
45214,338.6771
45215,213.69453
45216,164.56607
45217,118.36793
45218,541.3103
45219,303.86642
45220,240.02094
45221,203.19159
45222,220.07658
45223,117.88589
45224,151.80464
45225,265.75272
45226,150.90468
45227,325.81747
45228,216.19005
45229,361.8506
45230,603.9482
45231,291.86536
45232,474.60718
45233,159.23157
45234,70.90484
45235,162.87268
45236,254.71356
45237,96.042595
45238,239.16891
45239,102.89674
45240,698.41406
45241,180.96631
45242,293.58054
45243,132.26883
45244,211.2072
45245,260.3226
45246,199.98938
45247,231.09665
45248,109.90425
45249,186.52776
45250,168.99583
45251,181.57988
45252,235.58617
45253,319.16687
45254,160.2812
45255,149.68825
45256,122.91822
45257,203.38411
45258,137.37926
45259,232.5686
45260,307.35318
45261,214.12749
45262,196.55838
45263,63.669834
45264,294.79974
45265,129.36925
45266,85.26958
45267,243.41266
45268,305.2544
45269,1049.3534
45270,334.7302
45271,219.00893
45272,233.02818
45273,309.65042
45274,573.2535
45275,173.33026
45276,426.68793
45277,350.80832
45278,542.9701
45279,280.3348
45280,166.51575
45281,156.35376
45282,185.82455
45283,230.77727
45284,456.2068
45285,214.55962
45286,147.11868
45287,108.282394
45288,335.27698
45289,179.10486
45290,231.47873
45291,195.33788
45292,263.78
45293,367.91425
45294,555.6875
45295,177.07301
45296,180.30038
45297,239.22531
45298,311.83557
45299,168.31296
45300,339.05838
45301,236.3237
45302,264.86185
45303,143.97865
45304,202.94379
45305,289.523
45306,836.6584
45307,154.33655
45308,774.57275
45309,160.14174
45310,293.36966
45311,196.26434
45312,257.14563
45313,416.07715
45314,164.40257
45315,171.72298
45316,448.80606
45317,390.96304
45318,648.2761
45319,211.89568
45320,242.04234
45321,505.9648
45322,340.43753
45323,113.33779
45324,679.6901
45325,1084.8689
45326,200.40489
45327,267.84955
45328,116.93877
45329,494.64127
45330,211.16132
45331,319.9807
45332,247.4512
45333,176.87303
45334,374.926
45335,164.5607
45336,271.95023
45337,329.835
45338,176.0118
45339,196.24913
45340,383.08112
45341,183.23534
45342,183.90367
45343,305.86774
45344,254.77222
45345,297.6313
45346,299.0608
45347,220.24585
45348,251.62785
45349,176.83606
45350,340.89572
45351,200.82771
45352,81.40488
45353,254.7986
45354,363.44327
45355,382.88852
45356,288.65958
45357,205.53069
45358,186.49448
45359,141.39058
45360,236.34935
45361,240.56493
45362,239.08777
45363,555.7558
45364,401.9287
45365,341.8674
45366,233.40668
45367,183.78828
45368,402.0279
45369,111.883354
45370,267.19058
45371,210.09282
45372,191.68452
45373,528.3912
45374,335.3263
45375,245.01422
45376,252.33644
45377,337.20966
45378,192.39029
45379,333.1148
45380,163.86821
45381,234.69432
45382,50.93177
45383,237.95195
45384,277.68246
45385,227.15945
45386,164.06413
45387,200.47658
45388,248.66562
45389,117.983185
45390,214.45322
45391,621.67395
45392,207.67595
45393,195.43175
45394,174.99393
45395,274.61874
45396,411.79617
45397,132.28957
45398,591.9418
45399,621.25934
45400,357.7471
45401,132.76541
45402,1069.3243
45403,390.4465
45404,381.76154
45405,160.04031
45406,453.6751
45407,139.33884
45408,184.84132
45409,261.656
45410,154.691
45411,408.327
45412,306.85593
45413,360.69382
45414,191.88953
45415,141.9035
45416,164.52254
45417,149.47624
45418,151.55933
45419,183.39987
45420,284.06888
45421,677.32635
45422,416.89505
45423,576.60034
45424,207.46129
45425,96.81608
45426,263.51587
45427,243.7549
45428,109.646484
45429,514.0477
45430,306.55344
45431,186.34808
45432,255.73625
45433,415.6586
45434,148.59174
45435,444.76083
45436,211.77036
45437,270.2359
45438,199.46304
45439,233.55643
45440,160.23248
45441,432.3081
45442,162.75719
45443,866.7643
45444,224.13226
45445,218.03159
45446,271.45743
45447,226.78304
45448,147.47224
45449,316.40753
45450,226.35184
45451,212.95059
45452,229.27353
45453,249.66582
45454,414.7933
45455,118.63104
45456,868.19806
45457,301.69263
45458,138.0077
45459,135.5962
45460,450.50836
45461,190.33519
45462,129.5078
45463,219.69582
45464,432.48373
45465,121.556145
45466,195.02585
45467,561.8223
45468,654.1922
45469,190.66681
45470,312.45953
45471,178.42229
45472,196.49913
45473,489.07632
45474,774.41296
45475,82.083916
45476,217.61356
45477,131.81136
45478,261.33136
45479,260.37888
45480,183.04976
45481,180.21811
45482,585.6263
45483,217.49648
45484,190.86885
45485,254.65555
45486,126.35078
45487,509.0265
45488,158.11203
45489,368.11484
45490,469.23093
45491,161.33498
45492,345.0896
45493,557.6499
45494,211.88614
45495,133.89973
45496,568.9596
45497,192.8199
45498,241.32649
45499,248.86105
45500,177.49086
45501,266.504
45502,261.90967
45503,231.38333
45504,150.58168
45505,175.23782
45506,721.5744
45507,105.146454
45508,490.23914
45509,101.45479
45510,233.40674
45511,338.24905
45512,167.25021
45513,173.32231
45514,128.95454
45515,279.47885
45516,163.26355
45517,579.1373
45518,352.8018
45519,140.88696
45520,158.94035
45521,262.31342
45522,650.50665
45523,111.78528
45524,187.888
45525,342.21326
45526,240.27715
45527,106.82014
45528,449.70963
45529,343.80356
45530,157.1875
45531,722.4319
45532,329.39792
45533,231.83525
45534,125.53792
45535,119.08584
45536,308.7607
45537,244.04707
45538,129.50421
45539,233.18246
45540,278.36432
45541,287.54285
45542,193.93242
45543,245.4426
45544,221.4188
45545,299.26218
45546,272.06155
45547,247.5347
45548,228.20615
45549,175.70914
45550,1244.6714
45551,192.24124
45552,164.84804
45553,158.75606
45554,164.89983
45555,434.63284
45556,196.57698
45557,117.54276
45558,369.65753
45559,677.94183
45560,186.40009
45561,438.0199
45562,176.317
45563,342.84927
45564,182.60324
45565,210.29088
45566,196.7211
45567,247.02184
45568,182.00064
45569,117.53884
45570,379.47546
45571,264.72238
45572,324.48483
45573,557.4037
45574,552.82513
45575,253.79558
45576,259.70746
45577,335.98013
45578,539.02155
45579,132.91328
45580,165.44643
45581,252.05548
45582,202.43103
45583,285.72488
45584,293.48715
45585,253.69475
45586,293.32285
45587,423.0712
45588,193.47684
45589,498.13126
45590,408.80872
45591,265.12387
45592,314.38208
45593,384.20856
45594,198.78058
45595,191.55489
45596,270.81894
45597,97.30844
45598,743.3977
45599,358.89313
45600,194.63727
45601,192.94803
45602,293.4306
45603,386.14786
45604,138.77153
45605,94.82251
45606,124.0507
45607,174.82628
45608,278.59018
45609,74.99525
45610,133.91171
45611,832.58356
45612,315.29764
45613,152.89626
45614,188.84312
45615,282.84518
45616,837.4607
45617,143.97981
45618,214.0626
45619,126.05136
45620,432.86566
45621,167.80582
45622,129.1351
45623,231.89708
45624,685.154
45625,130.18785
45626,198.5376
45627,249.88542
45628,252.97015
45629,159.0231
45630,497.37146
45631,410.1603
45632,465.92767
45633,212.27625
45634,225.8122
45635,244.68674
45636,319.72958
45637,666.09784
45638,171.3605
45639,977.3055
45640,157.55934
45641,283.52878
45642,204.83086
45643,266.1546
45644,361.11212
45645,488.69574
45646,168.59479
45647,231.59764
45648,233.06776
45649,275.20374
45650,119.57539
45651,282.33984
45652,459.216
45653,160.20103
45654,258.4683
45655,210.1858
45656,135.25452
45657,287.6169
45658,162.55695
45659,114.38992
45660,566.2886
45661,663.07416
45662,227.61043
45663,165.64851
45664,298.12967
45665,162.9008
45666,255.15045
45667,132.92838
45668,174.95287
45669,127.97175
45670,185.64957
45671,134.18726
45672,163.50291
45673,188.9475
45674,260.42508
45675,303.87885
45676,259.51712
45677,704.20575
45678,215.73145
45679,365.16852
45680,313.50986
45681,427.5507
45682,307.5113
45683,201.94452
45684,238.26634
45685,194.05554
45686,201.24503
45687,252.79938
45688,217.90007
45689,385.07593
45690,135.64877
45691,317.1452
45692,156.8478
45693,309.9304
45694,153.71973
45695,364.6474
45696,152.61044
45697,684.4476
45698,148.95087
45699,289.25067
45700,591.10913
45701,339.72067
45702,352.81516
45703,588.4185
45704,106.13611
45705,169.64569
45706,417.47906
45707,349.06625
45708,284.1839
45709,138.44098
45710,229.13054
45711,144.45294
45712,661.9334
45713,357.1339
45714,165.9342
45715,555.50946
45716,346.20688
45717,299.17438
45718,537.7955
45719,963.7378
45720,166.07338
45721,270.38208
45722,921.2819
45723,264.0241
45724,209.75536
45725,245.25964
45726,1225.0741
45727,942.1125
45728,403.57065
45729,263.624
45730,105.179886
45731,129.90503
45732,128.51021
45733,134.53465
45734,238.39662
45735,226.5466
45736,502.15582
45737,294.36243
45738,456.2095
45739,268.37375
45740,172.31029
45741,190.62933
45742,147.15651
45743,234.32259
45744,217.15582
45745,495.42395
45746,194.89343
45747,671.3786
45748,188.23012
45749,929.9073
45750,206.16881
45751,495.14084
45752,291.27692
45753,269.96976
45754,197.89256
45755,186.5629
45756,255.30347
45757,195.27693
45758,121.01901
45759,124.9743
45760,338.72726
45761,1024.082
45762,272.9918
45763,436.1852
45764,297.39206
45765,367.99313
45766,122.61465
45767,196.48926
45768,244.32281
45769,540.8479
45770,302.11505
45771,758.85077
45772,152.17444
45773,423.79944
45774,177.74583
45775,249.41139
45776,150.80536
45777,134.72804
45778,369.2212
45779,332.99307
45780,165.11104
45781,328.1334
45782,409.53268
45783,243.07918
45784,201.03513
45785,268.13205
45786,146.93974
45787,392.0195
45788,443.39536
45789,126.55541
45790,92.746994
45791,355.22385
45792,112.64148
45793,296.42697
45794,204.27176
45795,238.71243
45796,208.69667
45797,339.46234
45798,226.6467
45799,280.74887
45800,177.38681
45801,185.2002
45802,284.62164
45803,81.11505
45804,251.98764
45805,187.73631
45806,185.88864
45807,685.8876
45808,186.75464
45809,242.34396
45810,609.887
45811,258.45526
45812,308.16083
45813,129.02202
45814,296.96634
45815,146.07146
45816,237.59901
45817,208.85619
45818,234.28886
45819,158.84854
45820,266.5367
45821,219.868
45822,249.21484
45823,229.12868
45824,275.16876
45825,417.76187
45826,139.19699
45827,484.97974
45828,118.478874
45829,214.12811
45830,194.25102
45831,208.17809
45832,255.76009
45833,184.9206
45834,258.52853
45835,168.0525
45836,188.06137
45837,116.2212
45838,271.30273
45839,126.79732
45840,181.72476
45841,197.50885
45842,554.99615
45843,238.14174
45844,296.82242
45845,723.97296
45846,306.5285
45847,185.6792
45848,278.0312
45849,467.5566
45850,308.50153
45851,208.98692
45852,165.2621
45853,338.34525
45854,228.97865
45855,121.78182
45856,355.22562
45857,150.96066
45858,108.821396
45859,244.52649
45860,238.40588
45861,223.19638
45862,162.74155
45863,288.53198
45864,265.1317
45865,214.08229
45866,203.98386
45867,291.17368
45868,172.14766
45869,185.93227
45870,114.10092
45871,619.0802
45872,742.1757
45873,138.42572
45874,464.71243
45875,144.45256
45876,152.12126
45877,127.01036
45878,180.35048
45879,203.85553
45880,242.10329
45881,317.811
45882,483.58685
45883,169.77646
45884,602.85016
45885,281.9347
45886,138.41832
45887,155.49857
45888,702.6255
45889,151.66536
45890,137.65482
45891,222.09564
45892,428.89734
45893,161.05049
45894,505.1231
45895,174.91371
45896,256.7654
45897,137.74406
45898,119.25961
45899,297.9008
45900,168.79788
45901,119.96807
45902,119.06585
45903,176.57767
45904,165.4121
45905,133.79068
45906,289.57712
45907,271.0003
45908,458.7055
45909,136.31601
45910,125.9839
45911,255.79733
45912,212.45665
45913,268.60654
45914,411.53244
45915,516.6348
45916,191.84174
45917,168.42429
45918,616.2355
45919,270.5506
45920,153.63521
45921,256.7611
45922,326.52975
45923,119.05548
45924,337.00214
45925,270.537
45926,126.17746
45927,521.42896
45928,176.23907
45929,206.86871
45930,438.79132
45931,369.54095
45932,111.89135
45933,440.91446
45934,156.18582
45935,191.19456
45936,168.39299
45937,197.14919
45938,243.21526
45939,207.12346
45940,180.26624
45941,357.19073
45942,147.27289
45943,372.06625
45944,448.0291
45945,146.08652
45946,239.93753
45947,129.79349
45948,89.97993
45949,435.962
45950,156.98616
45951,321.3644
45952,549.37
45953,138.91026
45954,361.35538
45955,205.31055
45956,415.85358
45957,211.81364
45958,268.92957
45959,135.00047
45960,508.06775
45961,227.91512
45962,554.67395
45963,251.94011
45964,189.5941
45965,228.6689
45966,380.9059
45967,188.76846
45968,287.24237
45969,259.31168
45970,132.73097
45971,440.93927
45972,182.12804
45973,340.0903
45974,147.90288
45975,136.07289
45976,333.5212
45977,460.56863
45978,337.8163
45979,120.18643
45980,135.52907
45981,391.52142
45982,328.65067
45983,239.91339
45984,241.68729
45985,209.49095
45986,119.40383
45987,421.07953
45988,132.60617
45989,192.80348
45990,910.3117
45991,175.85454
45992,338.18655
45993,183.17645
45994,523.05554
45995,253.36266
45996,287.44766
45997,126.28869
45998,502.87982
45999,337.8895
46000,279.3557
46001,263.79102
46002,182.56378
46003,165.81229
46004,251.39534
46005,488.3527
46006,141.35661
46007,85.703354
46008,436.95563
46009,234.64114
46010,124.5041
46011,297.68936
46012,438.31244
46013,580.20294
46014,228.92688
46015,144.80777
46016,182.94423
46017,244.28792
46018,311.31497
46019,577.57935
46020,322.1238
46021,139.38058
46022,198.61172
46023,367.2461
46024,819.22394
46025,277.9221
46026,291.41956
46027,225.3486
46028,338.22345
46029,199.0089
46030,135.17055
46031,405.48694
46032,295.12317
46033,495.79852
46034,232.80565
46035,230.59982
46036,252.90591
46037,94.49718
46038,117.86651
46039,374.3833
46040,201.21474
46041,277.7139
46042,72.03852
46043,313.6937
46044,236.63426
46045,178.19193
46046,198.98029
46047,293.47397
46048,194.4281
46049,206.40422
46050,357.17477
46051,177.85416
46052,142.21948
46053,926.32263
46054,193.1476
46055,159.42508
46056,144.89182
46057,152.05435
46058,179.86855
46059,289.86057
46060,123.19697
46061,472.34348
46062,584.377
46063,414.02344
46064,773.04346
46065,271.40753
46066,213.39168
46067,259.67468
46068,266.09946
46069,508.09442
46070,200.95885
46071,239.07355
46072,201.68939
46073,141.96092
46074,254.06468
46075,161.46893
46076,334.95526
46077,369.08105
46078,128.75409
46079,197.72801
46080,367.5905
46081,224.23492
46082,210.32004
46083,154.11446
46084,212.97046
46085,673.24164
46086,282.29977
46087,134.56537
46088,294.03705
46089,252.91426
46090,296.89502
46091,181.59836
46092,193.79161
46093,323.36316
46094,193.53548
46095,309.0021
46096,244.72946
46097,189.21132
46098,162.93633
46099,345.14932
46100,684.27893
46101,364.38852
46102,221.13893
46103,206.84663
46104,136.87117
46105,312.1113
46106,236.92923
46107,170.15672
46108,399.4262
46109,912.54254
46110,312.48904
46111,231.09619
46112,766.74756
46113,154.61118
46114,242.20375
46115,163.58585
46116,471.22726
46117,110.57474
46118,140.09552
46119,574.3128
46120,284.3189
46121,132.53088
46122,205.4071
46123,464.76517
46124,557.98035
46125,146.8454
46126,419.2316
46127,146.86836
46128,469.5705
46129,305.61014
46130,458.77057
46131,211.39151
46132,145.98236
46133,254.99307
46134,126.02183
46135,265.6074
46136,236.06763
46137,291.43097
46138,324.254
46139,153.11229
46140,171.58286
46141,171.2453
46142,571.7532
46143,218.60469
46144,364.4381
46145,316.06732
46146,268.33746
46147,570.5465
46148,156.72037
46149,249.03107
46150,295.4098
46151,160.8368
46152,239.35295
46153,353.79834
46154,320.80402
46155,136.97455
46156,262.41495
46157,109.68314
46158,278.10284
46159,205.829
46160,178.13263
46161,392.43576
46162,258.56198
46163,300.45938
46164,227.95541
46165,181.15318
46166,246.27882
46167,389.511
46168,282.54532
46169,193.55634
46170,135.13104
46171,269.9255
46172,536.01807
46173,353.81226
46174,93.6892
46175,162.891
46176,172.27043
46177,695.98816
46178,382.59
46179,320.19324
46180,327.46155
46181,573.4747
46182,103.22146
46183,170.7458
46184,148.50691
46185,369.54288
46186,473.09332
46187,286.40335
46188,730.01
46189,451.29272
46190,194.61687
46191,286.4484
46192,125.855736
46193,108.39705
46194,162.52112
46195,126.34309
46196,187.15115
46197,157.69713
46198,346.94693
46199,260.94757
46200,233.70685
46201,303.79633
46202,245.2
46203,160.66411
46204,113.39818
46205,398.24854
46206,325.44995
46207,246.3606
46208,239.35652
46209,457.96933
46210,227.85094
46211,288.31555
46212,192.08348
46213,217.01086
46214,585.8911
46215,193.57643
46216,159.70712
46217,202.39076
46218,170.48424
46219,198.00864
46220,163.39738
46221,239.9209
46222,609.8691
46223,125.074066
46224,548.62555
46225,200.38895
46226,207.46277
46227,363.92502
46228,541.21954
46229,232.77184
46230,509.25
46231,174.91646
46232,476.08224
46233,211.08505
46234,102.98975
46235,169.2639
46236,291.92786
46237,384.23776
46238,298.55014
46239,108.92632
46240,407.8252
46241,492.61508
46242,225.21912
46243,210.62996
46244,176.51659
46245,130.93399
46246,475.1038
46247,412.80914
46248,271.8728
46249,205.66125
46250,83.68882
46251,275.1676
46252,415.93976
46253,88.28492
46254,936.0686
46255,463.20215
46256,175.3432
46257,365.0877
46258,184.05934
46259,162.69635
46260,179.49306
46261,694.9564
46262,294.87115
46263,285.87088
46264,112.20127
46265,404.21268
46266,225.03215
46267,254.6908
46268,584.17633
46269,185.41911
46270,183.89262
46271,142.97414
46272,220.21632
46273,287.57904
46274,192.54396
46275,166.70506
46276,153.99165
46277,347.10312
46278,178.84306
46279,138.9606
46280,97.53244
46281,231.44975
46282,234.60747
46283,449.7011
46284,188.70723
46285,307.05066
46286,183.70332
46287,161.4057
46288,876.9632
46289,296.67535
46290,144.28052
46291,178.45224
46292,1158.2793
46293,234.6156
46294,177.20256
46295,242.66771
46296,194.606
46297,539.7573
46298,347.84668
46299,527.51776
46300,116.62718
46301,149.33598
46302,116.684906
46303,503.9899
46304,178.7609
46305,204.10048
46306,200.21513
46307,323.40796
46308,215.2574
46309,471.91183
46310,272.6506
46311,450.34186
46312,351.8502
46313,106.382706
46314,518.14734
46315,136.50713
46316,169.96068
46317,218.3325
46318,300.64548
46319,290.40408
46320,188.89687
46321,268.46713
46322,230.74141
46323,192.95474
46324,132.95987
46325,329.92047
46326,205.29987
46327,126.169334
46328,305.20627
46329,228.84329
46330,131.77347
46331,119.19125
46332,258.76334
46333,145.28127
46334,194.44644
46335,223.28134
46336,314.90408
46337,408.11475
46338,581.10614
46339,246.7031
46340,265.02396
46341,238.2522
46342,199.42397
46343,673.02686
46344,612.15076
46345,232.87128
46346,177.94391
46347,303.7094
46348,145.29367
46349,128.28676
46350,153.46031
46351,262.8597
46352,263.34277
46353,162.76048
46354,120.3666
46355,204.74062
46356,199.30528
46357,108.19002
46358,390.9246
46359,185.75502
46360,267.32166
46361,259.7292
46362,623.4515
46363,204.15166
46364,190.56622
46365,246.30017
46366,220.46544
46367,244.19975
46368,178.49594
46369,341.2155
46370,322.29254
46371,418.79834
46372,411.1218
46373,320.4492
46374,831.0777
46375,249.38486
46376,107.12163
46377,164.52802
46378,181.09032
46379,183.31595
46380,193.62749
46381,253.98218
46382,234.9145
46383,101.404724
46384,153.22423
46385,390.39493
46386,202.13373
46387,224.85767
46388,489.6776
46389,231.09108
46390,214.46156
46391,548.4732
46392,308.09497
46393,167.44984
46394,280.31308
46395,283.88135
46396,325.32648
46397,168.92987
46398,541.5761
46399,324.4785
46400,669.8843
46401,494.08838
46402,165.36673
46403,189.42726
46404,231.02374
46405,374.90778
46406,295.4017
46407,397.24878
46408,710.9537
46409,249.5225
46410,215.353
46411,190.0394
46412,149.84407
46413,166.34833
46414,186.27193
46415,146.78694
46416,382.70996
46417,115.85656
46418,1015.6212
46419,121.52051
46420,186.84525
46421,324.0227
46422,199.74255
46423,192.01503
46424,108.13684
46425,430.38428
46426,383.62668
46427,211.12396
46428,219.80736
46429,87.1046
46430,299.8139
46431,122.22411
46432,196.09875
46433,80.97829
46434,133.92102
46435,241.48314
46436,269.51105
46437,311.7848
46438,168.15549
46439,499.8991
46440,134.32477
46441,301.40594
46442,279.5558
46443,163.77187
46444,233.23392
46445,298.00827
46446,275.5493
46447,272.03717
46448,669.9336
46449,176.41537
46450,545.4084
46451,198.76167
46452,188.73193
46453,380.60736
46454,137.71896
46455,108.97878
46456,732.0361
46457,274.88416
46458,161.22989
46459,297.18628
46460,433.47168
46461,119.99056
46462,135.85263
46463,425.15952
46464,182.81279
46465,135.44382
46466,288.60382
46467,292.22415
46468,149.21434
46469,497.92523
46470,678.67523
46471,270.17624
46472,356.30307
46473,203.812
46474,243.39691
46475,203.55714
46476,117.239555
46477,137.69476
46478,314.81403
46479,521.0834
46480,214.94324
46481,124.13462
46482,277.20135
46483,342.82687
46484,198.36789
46485,125.64877
46486,213.24355
46487,230.58484
46488,252.73883
46489,150.39742
46490,468.66296
46491,207.34653
46492,313.84302
46493,273.73392
46494,744.71655
46495,194.19923
46496,222.72363
46497,270.08322
46498,844.8795
46499,547.62256
46500,233.24304
46501,190.2843
46502,204.42131
46503,509.00375
46504,126.85175
46505,187.94241
46506,229.23499
46507,174.4431
46508,480.598
46509,352.63333
46510,122.890236
46511,126.000206
46512,121.45514
46513,90.55625
46514,282.01907
46515,200.93991
46516,205.09848
46517,147.26308
46518,138.10623
46519,665.63086
46520,124.462395
46521,293.85608
46522,203.70135
46523,127.55499
46524,120.33267
46525,532.4984
46526,135.76385
46527,1599.6948
46528,147.38902
46529,173.95848
46530,271.77335
46531,375.521
46532,226.78949
46533,528.2436
46534,177.07814
46535,253.59962
46536,241.26015
46537,481.11295
46538,478.27203
46539,153.4782
46540,748.79376
46541,457.76062
46542,89.98916
46543,155.12155
46544,251.28542
46545,323.13785
46546,197.28662
46547,480.35214
46548,140.3055
46549,276.84073
46550,362.50534
46551,152.03745
46552,352.4174
46553,147.41313
46554,201.76381
46555,459.42523
46556,559.08655
46557,147.38322
46558,567.2882
46559,159.12534
46560,355.60284
46561,317.26334
46562,93.69166
46563,231.67317
46564,229.47739
46565,135.08186
46566,121.99502
46567,253.89035
46568,179.24323
46569,533.1827
46570,203.12726
46571,133.40709
46572,355.50177
46573,288.01492
46574,232.05185
46575,223.70706
46576,160.03195
46577,287.80823
46578,500.92178
46579,188.6195
46580,254.23416
46581,163.71172
46582,113.55012
46583,372.0232
46584,613.0442
46585,1091.0929
46586,240.7962
46587,166.587
46588,270.73483
46589,194.3554
46590,330.30634
46591,155.53381
46592,379.37173
46593,147.34448
46594,169.4166
46595,138.75386
46596,294.9105
46597,208.76207
46598,236.92061
46599,401.66504
46600,343.7727
46601,348.6877
46602,207.67104
46603,165.4232
46604,313.92807
46605,218.73756
46606,237.36441
46607,54.5424
46608,303.866
46609,297.32755
46610,304.76953
46611,429.00095
46612,150.02643
46613,22.454206
46614,164.41968
46615,282.36414
46616,171.74387
46617,352.66803
46618,96.71148
46619,181.3613
46620,256.67252
46621,244.52223
46622,205.62872
46623,121.64103
46624,179.80447
46625,213.41075
46626,339.73767
46627,512.4424
46628,175.58775
46629,251.84639
46630,388.30637
46631,264.7372
46632,228.843
46633,430.45297
46634,392.11313
46635,239.98055
46636,769.8755
46637,262.07675
46638,119.084946
46639,347.1019
46640,333.58466
46641,338.3921
46642,812.5763
46643,401.39075
46644,269.18668
46645,606.5149
46646,185.78032
46647,311.80057
46648,223.17317
46649,455.70285
46650,302.18655
46651,107.18371
46652,194.93803
46653,209.44022
46654,404.09158
46655,532.90424
46656,195.68437
46657,161.37141
46658,278.45407
46659,496.76935
46660,509.87753
46661,296.38962
46662,236.22763
46663,237.06586
46664,243.44112
46665,181.88585
46666,159.03987
46667,445.78726
46668,266.88336
46669,340.5146
46670,219.1782
46671,505.80185
46672,116.209435
46673,330.89786
46674,121.74964
46675,277.68756
46676,202.70825
46677,425.24136
46678,140.31952
46679,141.28174
46680,243.47147
46681,271.82257
46682,205.78789
46683,161.58078
46684,222.74776
46685,333.83353
46686,153.48834
46687,364.30685
46688,312.8453
46689,149.10071
46690,141.23508
46691,215.71893
46692,121.77792
46693,140.92862
46694,311.01288
46695,283.56946
46696,258.75214
46697,132.93718
46698,190.34627
46699,581.2377
46700,82.6476
46701,132.05681
46702,290.694
46703,147.34703
46704,246.42552
46705,171.35538
46706,252.0928
46707,533.9066
46708,176.14943
46709,202.1764
46710,165.12476
46711,288.43903
46712,174.56433
46713,170.47621
46714,262.97836
46715,280.83322
46716,237.57465
46717,299.35895
46718,347.5913
46719,262.2976
46720,147.12912
46721,490.72266
46722,314.33594
46723,336.77637
46724,120.090866
46725,517.54236
46726,184.3696
46727,203.64886
46728,235.87921
46729,189.73299
46730,197.81206
46731,349.09268
46732,180.56969
46733,155.34695
46734,560.6412
46735,200.20966
46736,212.84708
46737,171.32713
46738,172.29105
46739,237.05637
46740,194.90292
46741,129.48677
46742,182.35516
46743,183.83528
46744,239.0947
46745,277.12354
46746,103.09531
46747,308.80914
46748,616.4117
46749,219.54527
46750,128.14838
46751,171.74025
46752,226.42871
46753,224.92531
46754,292.39056
46755,349.43414
46756,202.43329
46757,145.79431
46758,219.62434
46759,474.30246
46760,139.59264
46761,142.76726
46762,674.893
46763,300.59186
46764,236.52936
46765,727.32806
46766,217.65085
46767,99.92232
46768,160.1551
46769,161.37619
46770,407.43018
46771,198.82231
46772,425.62384
46773,309.97943
46774,264.1163
46775,335.99112
46776,153.55344
46777,583.57745
46778,147.97137
46779,239.39595
46780,240.80966
46781,290.40698
46782,586.03424
46783,160.28429
46784,166.28741
46785,929.27
46786,292.7965
46787,461.13525
46788,135.22314
46789,274.48984
46790,562.39954
46791,471.46164
46792,77.95935
46793,520.2726
46794,172.99594
46795,131.52072
46796,190.21687
46797,273.5829
46798,196.33177
46799,196.32579
46800,128.15547
46801,197.02037
46802,238.10211
46803,228.32231
46804,168.47739
46805,189.91539
46806,493.6122
46807,187.79604
46808,219.86295
46809,265.47458
46810,384.14334
46811,123.21448
46812,503.94406
46813,157.85747
46814,209.73021
46815,418.2446
46816,208.53748
46817,414.07043
46818,329.67444
46819,336.37546
46820,587.62787
46821,165.06422
46822,139.54591
46823,226.36737
46824,265.89462
46825,227.95981
46826,331.9353
46827,243.84222
46828,353.8387
46829,621.4367
46830,642.1082
46831,156.71715
46832,202.10124
46833,766.7614
46834,272.48798
46835,162.46455
46836,134.03598
46837,226.5677
46838,336.80582
46839,255.46767
46840,350.62708
46841,191.1398
46842,211.58522
46843,783.52966
46844,89.17185
46845,217.3206
46846,156.73172
46847,274.12338
46848,337.65558
46849,205.9203
46850,487.4581
46851,374.70007
46852,160.33435
46853,316.79025
46854,216.86472
46855,103.98263
46856,722.2118
46857,412.49295
46858,157.62955
46859,129.0654
46860,152.00755
46861,577.64
46862,163.63556
46863,272.16266
46864,254.49782
46865,207.58972
46866,204.54819
46867,184.23128
46868,166.07095
46869,223.70103
46870,334.75256
46871,263.10397
46872,340.31448
46873,392.30005
46874,211.17207
46875,291.1126
46876,340.2534
46877,268.46533
46878,430.9775
46879,176.87444
46880,442.31842
46881,95.53006
46882,333.045
46883,218.44305
46884,101.91171
46885,361.97052
46886,293.41516
46887,276.6729
46888,265.43903
46889,242.81885
46890,308.77618
46891,416.9741
46892,282.21283
46893,630.0003
46894,116.27109
46895,207.8694
46896,502.02945
46897,154.56348
46898,139.62599
46899,207.57486
46900,296.74448
46901,415.2666
46902,172.49171
46903,191.46758
46904,373.0089
46905,234.36778
46906,190.88109
46907,122.12319
46908,145.55748
46909,126.88841
46910,178.6431
46911,226.62518
46912,203.77498
46913,308.91763
46914,249.94986
46915,105.82495
46916,154.42186
46917,185.61057
46918,252.45418
46919,131.94054
46920,208.67363
46921,312.13763
46922,553.3546
46923,228.55145
46924,283.71155
46925,279.2296
46926,333.6543
46927,258.77176
46928,239.48772
46929,151.50168
46930,464.17963
46931,164.30443
46932,216.08893
46933,413.34814
46934,136.1237
46935,290.39465
46936,348.22565
46937,156.36783
46938,277.6707
46939,314.04434
46940,159.1609
46941,207.36302
46942,173.50197
46943,306.35608
46944,100.33899
46945,127.52121
46946,303.81174
46947,178.33061
46948,459.6133
46949,238.14989
46950,208.02954
46951,99.72315
46952,201.06427
46953,261.06323
46954,465.28424
46955,173.44582
46956,350.12543
46957,193.73557
46958,183.88658
46959,258.3608
46960,260.89722
46961,141.80498
46962,174.60588
46963,390.65103
46964,370.01816
46965,216.08711
46966,371.83698
46967,450.37973
46968,350.0019
46969,198.50085
46970,221.27945
46971,219.35704
46972,341.97684
46973,358.18713
46974,152.00186
46975,202.16841
46976,299.792
46977,193.91757
46978,96.91486
46979,420.24463
46980,158.19319
46981,238.01872
46982,199.5542
46983,251.83482
46984,344.64584
46985,170.2838
46986,202.4366
46987,222.07814
46988,185.46309
46989,159.8411
46990,343.03506
46991,677.70325
46992,214.16267
46993,167.27998
46994,255.29063
46995,156.65639
46996,154.54446
46997,142.09514
46998,157.67477
46999,207.98756
47000,156.49068
47001,440.5697
47002,271.8573
47003,327.74292
47004,194.68683
47005,215.93892
47006,266.71362
47007,160.35806
47008,402.03867
47009,124.255424
47010,334.1496
47011,473.69458
47012,192.54202
47013,185.03114
47014,192.9857
47015,265.9258
47016,232.94386
47017,280.64914
47018,175.58698
47019,271.9018
47020,123.191505
47021,207.05669
47022,176.02013
47023,535.3905
47024,272.48663
47025,164.83998
47026,149.48094
47027,257.6901
47028,418.11508
47029,133.35782
47030,135.93977
47031,480.98904
47032,316.08752
47033,454.8697
47034,149.86827
47035,384.53455
47036,226.64128
47037,71.881195
47038,206.9674
47039,271.91138
47040,383.04254
47041,731.24164
47042,137.85399
47043,161.81615
47044,234.78305
47045,140.4471
47046,711.12115
47047,280.32388
47048,135.75798
47049,155.75476
47050,188.23285
47051,221.6283
47052,246.42021
47053,177.73946
47054,181.11342
47055,105.68861
47056,251.77203
47057,207.70749
47058,389.49445
47059,353.5188
47060,272.33325
47061,259.21365
47062,104.189316
47063,155.67961
47064,174.8108
47065,125.80646
47066,287.52783
47067,118.21598
47068,234.98367
47069,604.5869
47070,178.48846
47071,168.71759
47072,269.90482
47073,181.54956
47074,335.6996
47075,247.1347
47076,210.0634
47077,272.46887
47078,217.9873
47079,325.88773
47080,136.48862
47081,326.49326
47082,212.76543
47083,551.25793
47084,355.7454
47085,301.29434
47086,120.327576
47087,191.01595
47088,213.91776
47089,275.22806
47090,188.03996
47091,195.02853
47092,182.02795
47093,294.30115
47094,271.7206
47095,118.62694
47096,126.38251
47097,189.2467
47098,386.95233
47099,372.36063
47100,513.76117
47101,248.96696
47102,211.90852
47103,307.8356
47104,350.5988
47105,260.1262
47106,135.008
47107,177.14742
47108,357.206
47109,208.83987
47110,950.4587
47111,194.84868
47112,176.86983
47113,136.04544
47114,217.39658
47115,652.38086
47116,125.45783
47117,213.47818
47118,183.0752
47119,161.6975
47120,207.05179
47121,339.41052
47122,336.72333
47123,315.25916
47124,929.5609
47125,315.74136
47126,146.20493
47127,274.2437
47128,307.98193
47129,161.57925
47130,435.8693
47131,469.92136
47132,706.3362
47133,159.87958
47134,330.2573
47135,200.32118
47136,257.0594
47137,312.5551
47138,212.01984
47139,194.67368
47140,232.61339
47141,270.90695
47142,349.4872
47143,711.56964
47144,254.53427
47145,366.2411
47146,252.05258
47147,134.55084
47148,160.17735
47149,144.61871
47150,231.96446
47151,308.89856
47152,566.56714
47153,369.41785
47154,385.97766
47155,254.13382
47156,154.4538
47157,195.40839
47158,143.98253
47159,192.7133
47160,211.10928
47161,892.0706
47162,485.79532
47163,328.11127
47164,245.16576
47165,187.39357
47166,158.3797
47167,267.01828
47168,437.12714
47169,287.1935
47170,146.6391
47171,133.05951
47172,114.22103
47173,153.1188
47174,334.2415
47175,214.757
47176,179.44168
47177,354.35098
47178,213.02504
47179,219.47565
47180,164.59576
47181,365.13016
47182,224.9165
47183,382.3231
47184,104.0914
47185,100.75693
47186,353.65103
47187,550.65186
47188,119.79385
47189,272.2699
47190,263.20718
47191,288.72638
47192,221.50182
47193,461.81384
47194,212.2958
47195,185.36691
47196,296.82352
47197,178.00737
47198,277.11438
47199,493.99515
47200,255.13208
47201,235.69038
47202,316.45734
47203,184.93007
47204,213.5734
47205,579.6674
47206,194.81955
47207,93.47614
47208,173.54094
47209,501.58713
47210,149.0987
47211,256.77054
47212,137.20839
47213,218.31808
47214,227.30183
47215,183.3315
47216,227.38512
47217,485.27
47218,262.07675
47219,212.81789
47220,142.78046
47221,290.7281
47222,239.30807
47223,234.0533
47224,296.4424
47225,178.96548
47226,551.75525
47227,341.1539
47228,168.78354
47229,140.35303
47230,190.57506
47231,326.85077
47232,232.99406
47233,642.5505
47234,288.7626
47235,243.20662
47236,263.7899
47237,299.7551
47238,220.84586
47239,253.65718
47240,124.41728
47241,219.29922
47242,248.56038
47243,104.16353
47244,142.68893
47245,303.4784
47246,194.89445
47247,652.4178
47248,379.81564
47249,366.20264
47250,176.12456
47251,253.34183
47252,279.1776
47253,149.49501
47254,246.18314
47255,218.82582
47256,246.66324
47257,422.41693
47258,168.2304
47259,329.02786
47260,319.91415
47261,160.62415
47262,100.57569
47263,250.69458
47264,224.1007
47265,228.05244
47266,347.6388
47267,191.29892
47268,373.12094
47269,309.00494
47270,220.39778
47271,165.89745
47272,276.86334
47273,301.36484
47274,296.2579
47275,238.07835
47276,227.90265
47277,308.57703
47278,117.99779
47279,151.58383
47280,164.6335
47281,238.00415
47282,365.81332
47283,488.4228
47284,419.942
47285,141.10403
47286,405.78073
47287,707.52686
47288,251.13481
47289,142.30566
47290,268.8462
47291,184.01028
47292,397.28177
47293,509.2636
47294,342.43515
47295,274.2856
47296,253.09293
47297,114.31297
47298,351.9736
47299,209.45937
47300,269.696
47301,214.24118
47302,191.15099
47303,182.28317
47304,324.06714
47305,284.8957
47306,281.68332
47307,242.03456
47308,340.08148
47309,293.83896
47310,534.3199
47311,614.3248
47312,220.52151
47313,272.11935
47314,1156.9666
47315,197.66386
47316,522.4627
47317,295.7714
47318,197.39299
47319,569.415
47320,300.106
47321,300.56516
47322,416.07098
47323,279.47678
47324,315.59055
47325,215.87332
47326,259.78333
47327,113.2179
47328,275.70392
47329,214.72928
47330,667.465
47331,269.22137
47332,322.39023
47333,206.35223
47334,101.38655
47335,205.58932
47336,429.84283
47337,351.27188
47338,149.40814
47339,337.87234
47340,153.71315
47341,221.05731
47342,231.43686
47343,151.97267
47344,250.24503
47345,276.40106
47346,192.48228
47347,184.37509
47348,183.84987
47349,193.33842
47350,313.16888
47351,153.15218
47352,410.1001
47353,126.5885
47354,208.80757
47355,450.9427
47356,172.46315
47357,192.9146
47358,123.86844
47359,173.98448
47360,401.16574
47361,190.73254
47362,281.1028
47363,148.27477
47364,619.1094
47365,107.67356
47366,155.91994
47367,168.47148
47368,139.9313
47369,327.4411
47370,164.32895
47371,256.9702
47372,664.4495
47373,189.61604
47374,363.5748
47375,224.59845
47376,233.20107
47377,525.30597
47378,608.55896
47379,277.1113
47380,288.6109
47381,539.7793
47382,393.7242
47383,85.70714
47384,428.82153
47385,134.84497
47386,166.53394
47387,156.56581
47388,325.38547
47389,195.62592
47390,261.52484
47391,1074.4623
47392,186.25513
47393,168.58595
47394,261.43353
47395,219.16747
47396,245.71613
47397,241.18594
47398,134.75749
47399,123.67794
47400,285.8538
47401,213.59743
47402,422.89484
47403,125.79893
47404,206.48483
47405,432.3487
47406,144.75493
47407,212.55325
47408,874.85266
47409,276.23734
47410,599.0292
47411,537.8754
47412,606.7826
47413,230.52942
47414,125.60648
47415,374.63138
47416,251.25235
47417,102.40044
47418,201.52614
47419,158.12279
47420,157.53928
47421,178.34909
47422,510.32147
47423,332.83133
47424,334.21457
47425,326.24805
47426,144.18893
47427,373.3142
47428,441.46774
47429,525.01794
47430,631.2365
47431,262.81293
47432,304.78232
47433,107.27046
47434,171.07327
47435,418.6568
47436,299.85413
47437,113.62527
47438,340.43124
47439,489.60748
47440,180.77641
47441,399.28757
47442,184.30347
47443,251.83385
47444,268.47614
47445,384.3432
47446,108.29706
47447,142.12555
47448,134.76485
47449,297.2517
47450,406.5201
47451,198.26796
47452,584.4998
47453,226.08163
47454,145.95285
47455,275.55704
47456,299.70905
47457,306.96866
47458,533.6538
47459,331.09747
47460,277.16592
47461,242.01651
47462,243.2611
47463,680.1755
47464,109.343735
47465,415.31924
47466,305.0883
47467,307.2994
47468,396.54044
47469,7573.4917
47470,248.37569
47471,323.97098
47472,275.5669
47473,157.87747
47474,406.19952
47475,200.16087
47476,698.53687
47477,182.15038
47478,200.51239
47479,582.461
47480,175.17468
47481,166.2667
47482,194.99117
47483,261.57925
47484,764.055
47485,236.73907
47486,863.4914
47487,133.79396
47488,528.27203
47489,301.9676
47490,268.4379
47491,261.34622
47492,268.08868
47493,142.87886
47494,267.61743
47495,108.178474
47496,231.65295
47497,270.90753
47498,135.63985
47499,199.01367
47500,85.52112
47501,352.23715
47502,154.33325
47503,273.69064
47504,65.6742
47505,124.442245
47506,247.82892
47507,335.8832
47508,191.94519
47509,221.59572
47510,1158.7239
47511,688.5379
47512,249.43077
47513,151.87186
47514,332.31918
47515,697.152
47516,630.09106
47517,580.65656
47518,377.4358
47519,227.49574
47520,214.43973
47521,145.5206
47522,323.7886
47523,452.08005
47524,240.82542
47525,363.08435
47526,214.77089
47527,163.13802
47528,275.77917
47529,333.6633
47530,267.01434
47531,236.5266
47532,400.9833
47533,180.08739
47534,277.81256
47535,155.23872
47536,252.42767
47537,317.5253
47538,333.11264
47539,249.42868
47540,1013.9355
47541,191.8789
47542,284.02487
47543,284.9075
47544,232.86514
47545,354.73682
47546,579.0426
47547,470.19568
47548,335.0873
47549,1031.7959
47550,490.72903
47551,131.21944
47552,193.93867
47553,150.40157
47554,204.53365
47555,338.95956
47556,859.70166
47557,146.89285
47558,168.76114
47559,232.82524
47560,183.79662
47561,142.5844
47562,119.10499
47563,98.57781
47564,157.16974
47565,256.93924
47566,286.48593
47567,207.92256
47568,256.3757
47569,178.60634
47570,179.57509
47571,327.1858
47572,174.58534
47573,88.711975
47574,179.90039
47575,405.9204
47576,184.08987
47577,113.88436
47578,242.01367
47579,135.06377
47580,244.12697
47581,163.94942
47582,229.11371
47583,277.87946
47584,707.94055
47585,179.95462
47586,237.87491
47587,163.6159
47588,201.64159
47589,372.93622
47590,229.37079
47591,156.38528
47592,89.51787
47593,231.88202
47594,345.26422
47595,197.14844
47596,266.70483
47597,206.05522
47598,119.2724
47599,381.49475
47600,232.3905
47601,296.0053
47602,242.14438
47603,194.3312
47604,541.5805
47605,245.94247
47606,401.25424
47607,126.80769
47608,265.4211
47609,270.73846
47610,496.78613
47611,306.68832
47612,659.21954
47613,233.39668
47614,602.7192
47615,327.4788
47616,125.19388
47617,256.2362
47618,241.50583
47619,278.80716
47620,669.593
47621,445.57306
47622,242.87523
47623,376.6658
47624,222.90007
47625,262.88672
47626,225.47975
47627,198.74489
47628,188.42479
47629,251.77556
47630,214.4995
47631,283.2677
47632,146.78027
47633,140.99344
47634,185.08713
47635,159.84056
47636,207.14935
47637,614.02875
47638,95.088745
47639,102.07385
47640,341.90396
47641,159.19772
47642,296.34497
47643,564.6672
47644,249.75705
47645,318.6476
47646,160.20921
47647,183.28758
47648,304.47836
47649,238.40875
47650,252.80951
47651,234.03076
47652,146.32571
47653,252.0899
47654,352.00314
47655,547.3543
47656,216.42783
47657,179.67052
47658,253.72269
47659,254.35483
47660,244.7796
47661,312.56403
47662,213.65741
47663,415.51022
47664,297.34058
47665,269.68607
47666,307.7462
47667,361.1108
47668,177.49576
47669,212.83488
47670,150.82835
47671,286.9101
47672,194.12497
47673,180.78488
47674,214.19177
47675,132.36896
47676,517.0334
47677,281.25134
47678,213.16576
47679,188.71597
47680,1118.636
47681,534.41656
47682,237.86209
47683,133.48465
47684,242.26001
47685,163.1659
47686,475.95004
47687,508.63748
47688,305.48087
47689,365.78894
47690,515.5806
47691,217.00923
47692,186.70987
47693,482.98456
47694,133.32079
47695,414.23282
47696,686.6543
47697,268.46436
47698,200.0227
47699,189.29662
47700,305.0935
47701,331.96704
47702,217.94283
47703,480.5047
47704,252.91116
47705,341.17514
47706,477.49335
47707,334.35654
47708,243.50887
47709,263.91864
47710,248.63269
47711,347.79443
47712,448.69272
47713,167.75818
47714,116.27226
47715,134.70842
47716,234.17352
47717,202.58011
47718,118.26635
47719,282.45422
47720,512.4379
47721,184.27171
47722,134.80133
47723,255.64584
47724,368.25415
47725,231.06403
47726,431.63245
47727,185.03207
47728,271.18802
47729,160.34312
47730,244.05762
47731,143.86984
47732,242.70573
47733,409.2237
47734,161.17659
47735,271.58847
47736,431.33005
47737,159.4468
47738,472.98276
47739,522.7109
47740,467.07568
47741,204.5652
47742,588.96515
47743,161.62732
47744,290.85318
47745,546.1119
47746,250.46155
47747,155.97429
47748,176.62737
47749,208.96594
47750,227.7087
47751,329.23602
47752,436.14023
47753,190.73987
47754,201.01314
47755,103.70465
47756,309.14578
47757,321.56766
47758,164.37263
47759,149.4273
47760,249.5861
47761,152.32063
47762,191.15594
47763,174.95491
47764,207.11823
47765,239.65381
47766,225.95622
47767,284.55856
47768,664.6928
47769,174.00974
47770,122.22654
47771,314.01947
47772,181.95834
47773,120.9466
47774,336.9441
47775,366.8252
47776,863.61273
47777,223.93852
47778,189.55313
47779,259.73007
47780,121.73977
47781,162.30267
47782,760.7114
47783,274.4435
47784,852.10455
47785,313.9102
47786,689.95844
47787,236.47905
47788,305.17996
47789,299.9245
47790,116.66151
47791,356.67175
47792,109.190445
47793,135.69743
47794,322.3657
47795,474.13376
47796,254.35373
47797,338.80493
47798,271.07578
47799,144.3228
47800,137.79297
47801,291.73987
47802,326.89487
47803,258.10873
47804,171.32025
47805,365.1642
47806,157.42522
47807,1146.0867
47808,157.52118
47809,199.19388
47810,534.84546
47811,803.4018
47812,293.63275
47813,400.03543
47814,208.25822
47815,513.92224
47816,258.3982
47817,266.57986
47818,81.94915
47819,406.96756
47820,100.14028
47821,305.41678
47822,172.93063
47823,99.783195
47824,383.8855
47825,324.41458
47826,487.1551
47827,736.7309
47828,351.3536
47829,255.10573
47830,187.09598
47831,212.85623
47832,119.300125
47833,315.7496
47834,262.2575
47835,157.91075
47836,484.1999
47837,197.17221
47838,231.5991
47839,151.07266
47840,95.14832
47841,284.08
47842,291.9096
47843,141.34618
47844,352.90894
47845,265.06647
47846,216.69537
47847,136.19804
47848,427.52927
47849,221.26512
47850,258.67264
47851,494.57895
47852,105.95665
47853,849.7719
47854,209.12048
47855,266.29382
47856,359.02798
47857,561.69226
47858,181.46701
47859,140.78252
47860,211.20407
47861,176.14386
47862,247.30397
47863,157.347
47864,192.87758
47865,331.74353
47866,193.59416
47867,288.6767
47868,183.72469
47869,275.1213
47870,276.57333
47871,210.25505
47872,201.10184
47873,282.17737
47874,177.51572
47875,326.0023
47876,194.70535
47877,286.52948
47878,355.85168
47879,482.86728
47880,193.29327
47881,110.139046
47882,247.5671
47883,95.80168
47884,96.55177
47885,243.39433
47886,140.23807
47887,343.22232
47888,471.64487
47889,116.88359
47890,674.64307
47891,414.94058
47892,157.14252
47893,213.4775
47894,282.02008
47895,223.54335
47896,139.8205
47897,358.36325
47898,354.5738
47899,169.58168
47900,313.9101
47901,402.61038
47902,236.97176
47903,288.7971
47904,320.68793
47905,350.42108
47906,458.30353
47907,636.5753
47908,253.08702
47909,390.9424
47910,371.96725
47911,525.772
47912,294.6425
47913,433.70245
47914,184.5541
47915,181.10432
47916,302.311
47917,289.0533
47918,465.47632
47919,172.6836
47920,310.31323
47921,151.14044
47922,96.21893
47923,198.31964
47924,356.77896
47925,296.741
47926,662.1606
47927,237.09416
47928,781.20636
47929,130.92303
47930,294.6098
47931,209.1825
47932,247.94496
47933,214.16197
47934,265.8805
47935,184.29547
47936,293.1098
47937,227.72256
47938,899.3364
47939,214.85278
47940,703.6651
47941,347.33774
47942,719.27856
47943,140.08226
47944,226.71255
47945,664.7092
47946,280.2844
47947,99.720474
47948,166.8129
47949,128.52208
47950,235.13882
47951,420.37775
47952,192.07233
47953,165.5156
47954,360.33575
47955,357.0173
47956,177.07301
47957,526.69556
47958,157.61816
47959,46.0146
47960,131.21106
47961,457.7133
47962,132.58298
47963,260.19333
47964,585.9738
47965,276.5961
47966,181.35768
47967,409.69006
47968,747.4643
47969,187.3089
47970,323.18295
47971,171.80104
47972,433.50806
47973,296.70172
47974,117.11822
47975,572.7707
47976,158.92361
47977,172.43814
47978,217.10852
47979,208.59029
47980,367.58667
47981,87.20444
47982,247.0857
47983,274.13077
47984,247.97934
47985,269.3475
47986,555.8455
47987,381.5257
47988,426.78232
47989,778.8721
47990,170.9629
47991,902.5737
47992,585.8195
47993,135.14185
47994,432.24286
47995,463.04047
47996,174.3461
47997,369.22342
47998,418.7452
47999,230.35934
48000,192.64603
48001,53.288067
48002,440.4653
48003,145.0885
48004,218.71573
48005,176.49559
48006,277.11008
48007,235.616
48008,198.21794
48009,160.41423
48010,561.2578
48011,137.83185
48012,306.0418
48013,316.58978
48014,238.66682
48015,223.0827
48016,79.81821
48017,180.43207
48018,316.26236
48019,266.64612
48020,229.96477
48021,292.49274
48022,435.51584
48023,160.7354
48024,199.60649
48025,103.031784
48026,346.79965
48027,398.1015
48028,286.4961
48029,139.28648
48030,169.486
48031,395.111
48032,215.61682
48033,501.146
48034,784.43695
48035,278.88202
48036,179.10661
48037,411.74237
48038,368.0039
48039,314.69907
48040,485.43552
48041,225.79764
48042,543.234
48043,181.06859
48044,121.100395
48045,487.38937
48046,199.33714
48047,131.889
48048,300.3885
48049,302.85474
48050,226.71985
48051,79.37806
48052,134.12881
48053,206.97778
48054,257.51132
48055,125.132645
48056,95.8661
48057,251.25327
48058,201.9047
48059,159.14612
48060,414.84906
48061,175.41768
48062,122.80353
48063,326.24393
48064,511.62863
48065,139.38391
48066,288.36627
48067,152.59056
48068,183.42014
48069,225.39902
48070,312.49252
48071,343.18274
48072,206.68178
48073,191.15042
48074,467.8564
48075,236.99957
48076,1045.9384
48077,179.9332
48078,202.6269
48079,505.76334
48080,229.69403
48081,482.90527
48082,294.2907
48083,470.36963
48084,186.55138
48085,139.80519
48086,105.600494
48087,231.14626
48088,71.932556
48089,546.6197
48090,320.69763
48091,316.94073
48092,454.1284
48093,380.31253
48094,151.00998
48095,171.66653
48096,281.63525
48097,839.77
48098,192.85983
48099,295.2319
48100,287.7071
48101,331.39575
48102,219.0952
48103,373.1457
48104,187.02754
48105,98.08363
48106,302.06735
48107,252.92625
48108,270.12622
48109,211.20177
48110,179.03116
48111,196.4092
48112,756.2837
48113,266.97833
48114,230.1348
48115,122.15873
48116,142.66339
48117,187.54585
48118,156.40797
48119,226.04404
48120,59.45063
48121,111.10841
48122,257.73422
48123,88.75312
48124,512.8403
48125,180.37857
48126,379.26276
48127,313.43488
48128,88.79765
48129,212.70561
48130,174.47586
48131,143.17616
48132,189.39119
48133,179.80603
48134,144.76808
48135,461.50406
48136,232.88814
48137,194.28172
48138,183.84653
48139,207.84476
48140,663.3231
48141,194.87007
48142,199.1818
48143,343.40378
48144,547.89087
48145,499.34088
48146,226.77824
48147,155.68713
48148,307.11044
48149,400.65878
48150,146.41917
48151,224.32803
48152,165.89108
48153,157.16872
48154,309.8886
48155,233.24338
48156,296.23364
48157,185.24133
48158,171.55861
48159,214.31947
48160,140.28264
48161,94.0966
48162,307.42935
48163,138.51999
48164,578.30664
48165,306.10004
48166,195.16214
48167,336.9456
48168,138.38684
48169,112.41917
48170,222.15968
48171,147.68887
48172,442.4444
48173,242.47328
48174,119.513725
48175,553.6046
48176,169.51376
48177,247.7176
48178,417.93387
48179,178.47441
48180,232.17632
48181,258.2249
48182,603.61584
48183,358.80124
48184,328.99905
48185,59.479824
48186,149.11711
48187,144.8463
48188,279.5928
48189,494.0225
48190,227.6618
48191,365.3951
48192,198.88301
48193,183.50542
48194,222.56386
48195,506.0066
48196,255.32332
48197,171.34537
48198,193.24281
48199,146.94379
48200,166.45534
48201,303.50827
48202,171.05226
48203,405.864
48204,176.61272
48205,161.54506
48206,221.31403
48207,556.85736
48208,336.6236
48209,4.2244396
48210,126.28838
48211,433.33588
48212,754.8736
48213,119.4651
48214,199.18752
48215,434.40897
48216,410.8764
48217,446.6751
48218,288.74017
48219,312.81033
48220,477.32422
48221,194.40303
48222,114.34691
48223,431.69098
48224,496.2756
48225,158.52913
48226,252.92216
48227,290.7449
48228,149.94771
48229,216.4496
48230,202.48128
48231,369.61404
48232,192.38515
48233,273.15402
48234,169.63089
48235,183.94107
48236,159.18579
48237,790.1456
48238,331.728
48239,130.78432
48240,617.4929
48241,229.67429
48242,310.45062
48243,234.36095
48244,380.94742
48245,153.63097
48246,660.8237
48247,207.54468
48248,205.5672
48249,254.81126
48250,199.97247
48251,347.98477
48252,300.38858
48253,223.38551
48254,187.4406
48255,446.4616
48256,236.99065
48257,107.074646
48258,227.0465
48259,152.15967
48260,413.68155
48261,175.59048
48262,208.39723
48263,698.66675
48264,195.74632
48265,250.57071
48266,131.43425
48267,384.05573
48268,305.99966
48269,229.25766
48270,113.06382
48271,356.02365
48272,309.01602
48273,315.73886
48274,240.28877
48275,223.91113
48276,178.43741
48277,332.70587
48278,392.21063
48279,218.6757
48280,214.56276
48281,251.90239
48282,721.8417
48283,135.49684
48284,208.99088
48285,565.7328
48286,200.25063
48287,526.3213
48288,267.48547
48289,357.18985
48290,115.35531
48291,144.9557
48292,162.9149
48293,1107.0659
48294,243.5165
48295,173.6096
48296,343.7352
48297,129.08495
48298,608.2613
48299,392.72934
48300,238.21213
48301,649.78033
48302,253.6762
48303,885.8331
48304,789.128
48305,228.97314
48306,197.07805
48307,546.6645
48308,336.014
48309,160.7967
48310,200.03842
48311,428.7698
48312,358.21774
48313,228.27496
48314,183.88347
48315,181.64928
48316,649.6155
48317,181.35944
48318,48.398914
48319,251.3112
48320,199.23245
48321,303.11926
48322,513.5009
48323,557.45917
48324,342.9737
48325,159.11795
48326,295.42566
48327,318.03427
48328,84.24679
48329,315.5589
48330,125.44208
48331,113.75794
48332,232.96939
48333,113.62561
48334,264.45032
48335,228.41545
48336,240.20166
48337,321.3238
48338,213.83513
48339,342.89432
48340,173.27884
48341,588.501
48342,183.00089
48343,206.30927
48344,265.5567
48345,410.98538
48346,391.78165
48347,190.21707
48348,274.41776
48349,270.19864
48350,377.44357
48351,575.6548
48352,155.5722
48353,389.1572
48354,224.43257
48355,258.36948
48356,488.14038
48357,200.78955
48358,312.3846
48359,356.3052
48360,699.65326
48361,446.01266
48362,395.8176
48363,212.84904
48364,337.9111
48365,70.464165
48366,217.69144
48367,227.94843
48368,176.37524
48369,376.55725
48370,240.1054
48371,424.8415
48372,239.49376
48373,351.00272
48374,493.98135
48375,204.75984
48376,246.28236
48377,241.35672
48378,272.97565
48379,303.2773
48380,293.87607
48381,155.80757
48382,139.4798
48383,227.29204
48384,192.40244
48385,185.40694
48386,121.777756
48387,209.63469
48388,528.90155
48389,192.84619
48390,568.54803
48391,391.38742
48392,189.90215
48393,209.45697
48394,276.078
48395,108.605865
48396,263.47653
48397,508.92035
48398,273.37863
48399,179.48875
48400,315.3327
48401,166.71613
48402,177.54918
48403,295.91348
48404,214.0372
48405,156.93217
48406,221.39447
48407,217.49126
48408,258.40826
48409,236.73961
48410,400.82983
48411,233.72656
48412,700.87354
48413,291.58374
48414,536.8529
48415,506.2193
48416,290.9568
48417,335.53336
48418,234.54407
48419,568.71906
48420,190.62358
48421,179.91364
48422,345.83408
48423,236.76872
48424,308.41306
48425,498.5862
48426,642.38745
48427,234.7041
48428,248.97491
48429,189.95367
48430,256.19733
48431,160.41176
48432,417.21075
48433,257.71896
48434,902.8128
48435,197.6279
48436,109.065346
48437,354.5738
48438,691.55273
48439,319.10242
48440,135.22604
48441,180.0366
48442,417.96283
48443,549.9131
48444,202.66534
48445,519.10724
48446,418.15826
48447,393.64642
48448,118.03469
48449,170.52364
48450,625.85583
48451,268.5847
48452,151.49461
48453,329.82986
48454,166.03473
48455,114.45678
48456,108.228775
48457,178.69696
48458,122.159485
48459,513.8567
48460,221.84938
48461,198.73145
48462,252.31471
48463,319.91516
48464,232.56638
48465,247.48132
48466,397.60577
48467,237.64685
48468,340.0625
48469,106.040146
48470,402.80164
48471,197.25467
48472,257.51666
48473,284.74054
48474,133.08722
48475,389.38138
48476,252.6013
48477,262.0138
48478,590.86237
48479,365.9876
48480,202.58382
48481,410.4467
48482,176.44765
48483,206.40598
48484,592.2649
48485,278.65555
48486,510.082
48487,134.4838
48488,235.93613
48489,179.66524
48490,288.0871
48491,275.82492
48492,194.02191
48493,189.23878
48494,196.40395
48495,592.40936
48496,124.67491
48497,122.15501
48498,229.91983
48499,269.96317
48500,405.8589
48501,323.49173
48502,127.805336
48503,168.86713
48504,429.37997
48505,259.5637
48506,193.5082
48507,597.7271
48508,308.01547
48509,297.3911
48510,919.5995
48511,189.3132
48512,211.92206
48513,252.32549
48514,217.77974
48515,152.21452
48516,218.17236
48517,577.71326
48518,708.2096
48519,255.20442
48520,193.59126
48521,251.43332
48522,142.61948
48523,285.88342
48524,343.27438
48525,284.06693
48526,405.86935
48527,527.7199
48528,774.89655
48529,321.939
48530,517.23883
48531,261.09863
48532,239.2931
48533,235.19301
48534,109.93203
48535,166.50526
48536,278.82755
48537,155.83968
48538,407.9175
48539,177.25768
48540,84.934296
48541,532.5427
48542,171.82056
48543,371.92368
48544,183.65709
48545,745.7203
48546,221.15396
48547,397.52997
48548,319.24457
48549,137.35492
48550,169.70947
48551,370.1228
48552,281.87057
48553,147.00087
48554,181.22885
48555,280.77762
48556,159.0841
48557,480.42862
48558,206.96878
48559,229.45494
48560,138.0333
48561,105.30957
48562,123.15436
48563,352.8592
48564,242.59175
48565,491.97827
48566,327.24942
48567,117.78583
48568,168.33
48569,120.004715
48570,146.42331
48571,563.68256
48572,1294.6672
48573,677.7299
48574,166.63484
48575,190.07375
48576,157.4353
48577,179.10767
48578,219.87991
48579,156.72324
48580,229.28961
48581,132.41658
48582,224.83157
48583,226.81448
48584,566.43976
48585,732.28467
48586,316.07205
48587,127.76304
48588,112.83268
48589,135.05261
48590,208.60101
48591,141.74649
48592,232.7094
48593,368.42624
48594,122.91718
48595,190.3281
48596,228.84125
48597,187.66823
48598,158.23047
48599,286.67365
48600,117.52074
48601,256.54092
48602,614.8977
48603,77.1421
48604,348.7399
48605,820.9816
48606,167.18594
48607,144.0897
48608,303.12363
48609,238.36798
48610,449.7227
48611,103.151535
48612,208.77107
48613,121.29894
48614,291.891
48615,328.9997
48616,156.38501
48617,226.76495
48618,549.01086
48619,183.99628
48620,254.36389
48621,215.15639
48622,247.50504
48623,341.66357
48624,186.00291
48625,141.24535
48626,271.12048
48627,139.18317
48628,127.27615
48629,712.19885
48630,249.56822
48631,329.1825
48632,166.66943
48633,219.48633
48634,441.11902
48635,143.94339
48636,67.69131
48637,453.06232
48638,502.82816
48639,458.88144
48640,305.48846
48641,296.61435
48642,191.7348
48643,483.90128
48644,460.45007
48645,122.74401
48646,294.2569
48647,207.6906
48648,109.99246
48649,155.50151
48650,162.21165
48651,687.231
48652,558.1384
48653,600.62646
48654,118.71677
48655,349.99258
48656,354.50763
48657,248.24365
48658,167.62854
48659,209.87958
48660,98.53312
48661,114.456
48662,671.02124
48663,177.76794
48664,253.94579
48665,134.5068
48666,277.5276
48667,173.15167
48668,213.42134
48669,358.3768
48670,178.12817
48671,244.13023
48672,889.84045
48673,135.6063
48674,463.51178
48675,242.3997
48676,232.90895
48677,507.61618
48678,372.3411
48679,262.28033
48680,289.36435
48681,140.30571
48682,595.04596
48683,359.72513
48684,210.4218
48685,413.2323
48686,195.61418
48687,366.662
48688,269.06824
48689,128.50037
48690,228.24342
48691,329.10687
48692,134.60098
48693,160.8047
48694,277.71228
48695,342.0396
48696,153.98296
48697,189.37222
48698,488.3535
48699,165.06416
48700,298.75226
48701,157.66652
48702,145.51392
48703,166.40256
48704,240.80972
48705,339.01105
48706,146.64526
48707,124.45481
48708,290.60297
48709,466.30133
48710,457.92822
48711,186.66403
48712,273.5951
48713,92.1719
48714,258.7003
48715,146.21649
48716,198.60974
48717,164.67332
48718,157.16925
48719,51.524254
48720,428.30493
48721,196.96373
48722,845.9823
48723,242.83804
48724,132.7547
48725,195.40572
48726,420.9984
48727,343.3291
48728,260.3657
48729,303.3457
48730,302.43607
48731,80.70648
48732,783.05945
48733,644.60956
48734,136.96764
48735,225.41675
48736,222.70174
48737,278.88464
48738,192.51144
48739,128.50949
48740,483.76547
48741,316.20468
48742,214.92128
48743,296.07123
48744,239.76712
48745,814.0624
48746,139.77322
48747,134.09962
48748,127.4966
48749,302.40863
48750,215.87346
48751,48.628727
48752,435.6245
48753,247.09616
48754,507.678
48755,970.8433
48756,718.31525
48757,332.7867
48758,238.16846
48759,270.77597
48760,335.89087
48761,173.20865
48762,245.08975
48763,474.3176
48764,292.30084
48765,141.35442
48766,212.11891
48767,218.07024
48768,274.33783
48769,633.0881
48770,169.24265
48771,217.45947
48772,730.992
48773,140.72394
48774,236.53592
48775,102.33375
48776,935.8874
48777,467.97122
48778,130.60832
48779,714.561
48780,394.15457
48781,162.24237
48782,324.67593
48783,108.521
48784,142.37932
48785,637.6845
48786,197.69458
48787,196.48798
48788,407.8735
48789,387.4893
48790,213.92117
48791,353.16296
48792,108.39094
48793,230.31026
48794,300.7768
48795,402.16632
48796,143.69609
48797,516.4313
48798,129.20746
48799,326.3008
48800,269.90997
48801,173.30931
48802,324.51068
48803,437.29697
48804,259.97183
48805,91.733536
48806,399.23618
48807,202.12556
48808,267.32346
48809,738.6337
48810,372.12808
48811,320.28308
48812,140.73514
48813,392.66568
48814,184.08836
48815,156.37444
48816,237.41676
48817,185.04015
48818,173.50774
48819,285.2674
48820,632.663
48821,343.1605
48822,78.262276
48823,252.90208
48824,119.99003
48825,932.4122
48826,308.69235
48827,938.91046
48828,284.57004
48829,175.24477
48830,152.4218
48831,131.29347
48832,326.95804
48833,179.55978
48834,278.01715
48835,118.95155
48836,219.14394
48837,205.15012
48838,254.19687
48839,221.48332
48840,256.8999
48841,394.08908
48842,284.6922
48843,705.1666
48844,545.01184
48845,266.9227
48846,150.745
48847,149.53264
48848,135.50462
48849,131.05511
48850,192.74832
48851,301.5116
48852,756.7753
48853,226.86412
48854,269.22137
48855,298.05145
48856,160.75468
48857,457.1687
48858,83.295074
48859,234.12398
48860,875.224
48861,229.58434
48862,161.67809
48863,111.39961
48864,607.1875
48865,256.96774
48866,165.83905
48867,279.84183
48868,349.31558
48869,360.3173
48870,135.80829
48871,401.50262
48872,239.01683
48873,262.79068
48874,102.37054
48875,414.66302
48876,241.26917
48877,609.19165
48878,497.3669
48879,295.40625
48880,266.62772
48881,209.13371
48882,131.09302
48883,269.35068
48884,310.4237
48885,103.137535
48886,161.39772
48887,187.03264
48888,170.64392
48889,149.31595
48890,522.9452
48891,259.92438
48892,133.58795
48893,141.03928
48894,106.35532
48895,157.53888
48896,353.15024
48897,216.14229
48898,221.80054
48899,364.11533
48900,172.66164
48901,154.31944
48902,335.5414
48903,297.9196
48904,93.9831
48905,107.38324
48906,116.81898
48907,182.27893
48908,137.15747
48909,307.5775
48910,232.85716
48911,171.03294
48912,465.47052
48913,124.39088
48914,378.58484
48915,159.44719
48916,246.13713
48917,137.44249
48918,469.53336
48919,197.68515
48920,408.87085
48921,198.52898
48922,148.03201
48923,138.89343
48924,269.1932
48925,179.42896
48926,157.21082
48927,139.35406
48928,86.07925
48929,238.99889
48930,293.55017
48931,217.36166
48932,278.1192
48933,157.22304
48934,273.9228
48935,212.56062
48936,186.71474
48937,138.9071
48938,316.2394
48939,131.3396
48940,252.47084
48941,146.71196
48942,224.45775
48943,203.34639
48944,420.8233
48945,251.42632
48946,704.17285
48947,151.64952
48948,250.9418
48949,506.3174
48950,223.70923
48951,202.73125
48952,96.16185
48953,97.51702
48954,95.54517
48955,179.08829
48956,256.54312
48957,506.5896
48958,312.15942
48959,121.01757
48960,387.63156
48961,167.4116
48962,163.97835
48963,202.7962
48964,153.50507
48965,265.61707
48966,76.08611
48967,684.62244
48968,213.69147
48969,297.9289
48970,194.15747
48971,275.264
48972,226.78949
48973,305.05588
48974,234.79521
48975,333.25897
48976,384.54785
48977,224.61891
48978,279.2197
48979,323.00818
48980,590.97754
48981,311.30707
48982,367.79034
48983,240.51495
48984,408.6325
48985,215.05385
48986,190.28477
48987,403.29984
48988,246.49097
48989,259.93753
48990,390.01636
48991,557.13586
48992,113.39878
48993,452.2603
48994,89.196884
48995,778.78375
48996,255.03673
48997,391.26343
48998,125.54002
48999,159.20206
49000,256.94278
49001,95.34496
49002,152.2327
49003,359.04352
49004,162.1019
49005,148.08676
49006,253.89046
49007,232.05675
49008,250.85544
49009,191.27893
49010,469.2452
49011,240.15547
49012,579.7193
49013,140.975
49014,230.6748
49015,292.63757
49016,413.7485
49017,134.41142
49018,320.30923
49019,421.85037
49020,186.67355
49021,372.10788
49022,726.13983
49023,235.77962
49024,671.85455
49025,187.15231
49026,217.9019
49027,142.16905
49028,249.3086
49029,621.2457
49030,294.16614
49031,502.56226
49032,231.82678
49033,709.9039
49034,101.83533
49035,201.76335
49036,153.06685
49037,511.69067
49038,427.11307
49039,335.70868
49040,307.61603
49041,138.87506
49042,226.15758
49043,309.438
49044,414.7549
49045,308.87823
49046,196.44879
49047,198.58623
49048,224.14294
49049,469.36075
49050,175.90723
49051,213.51416
49052,206.69409
49053,257.48886
49054,118.821915
49055,267.6948
49056,229.22365
49057,153.33145
49058,366.56274
49059,191.0512
49060,156.83063
49061,460.97562
49062,121.722206
49063,514.86115
49064,99.26412
49065,327.2304
49066,227.79285
49067,353.80884
49068,291.06186
49069,257.44116
49070,439.48795
49071,283.4278
49072,162.59093
49073,499.9443
49074,51.298973
49075,271.33344
49076,463.36395
49077,323.31198
49078,187.75325
49079,329.82373
49080,489.21777
49081,228.72694
49082,158.07294
49083,134.35724
49084,149.31352
49085,131.36278
49086,63.560364
49087,157.37291
49088,272.23932
49089,176.6489
49090,311.0159
49091,509.98132
49092,251.2204
49093,512.3834
49094,176.69678
49095,450.96783
49096,270.41306
49097,380.0906
49098,426.3523
49099,899.8796
49100,157.25224
49101,141.28783
49102,206.0897
49103,383.85196
49104,177.50966
49105,347.50183
49106,260.4507
49107,413.1989
49108,137.2152
49109,192.38622
49110,152.54211
49111,146.99178
49112,162.27449
49113,203.54659
49114,599.56866
49115,342.22748
49116,280.23416
49117,910.42896
49118,107.827896
49119,183.98636
49120,162.88426
49121,631.3042
49122,246.75179
49123,277.1885
49124,228.6853
49125,342.1136
49126,308.54355
49127,216.73537
49128,558.05597
49129,160.1184
49130,211.40503
49131,151.9986
49132,150.36795
49133,142.60767
49134,210.20432
49135,186.84639
49136,125.06342
49137,214.07549
49138,248.66348
49139,217.89487
49140,600.8101
49141,97.64384
49142,141.91206
49143,951.0913
49144,261.22845
49145,248.79762
49146,256.43753
49147,221.38121
49148,250.65837
49149,137.96704
49150,441.79416
49151,139.5599
49152,230.93723
49153,292.78723
49154,143.26863
49155,153.10286
49156,211.84396
49157,180.98448
49158,407.20203
49159,153.7705
49160,531.5039
49161,307.67462
49162,204.61441
49163,327.52173
49164,305.147
49165,288.39792
49166,889.26874
49167,680.5734
49168,208.43697
49169,521.25507
49170,193.16963
49171,243.091
49172,218.11736
49173,248.08603
49174,237.87125
49175,108.52491
49176,134.40475
49177,253.11061
49178,307.33435
49179,102.066765
49180,234.38795
49181,143.23985
49182,178.14536
49183,465.53284
49184,346.96805
49185,347.35965
49186,1106.126
49187,121.428764
49188,871.3538
49189,596.4133
49190,150.66054
49191,338.3727
49192,144.086
49193,492.99826
49194,133.3001
49195,190.1007
49196,145.93129
49197,243.01566
49198,360.3934
49199,155.51582
49200,287.22714
49201,156.02896
49202,174.65712
49203,770.03253
49204,297.82935
49205,143.89421
49206,143.06723
49207,166.81366
49208,286.66913
49209,131.45097
49210,340.95853
49211,256.28906
49212,259.77832
49213,123.85907
49214,151.11604
49215,113.570015
49216,410.21738
49217,167.64989
49218,143.5119
49219,318.57816
49220,555.85913
49221,339.75818
49222,203.43588
49223,462.3469
49224,146.21477
49225,77.16555
49226,112.881516
49227,182.59659
49228,357.17328
49229,479.32687
49230,264.63065
49231,119.44193
49232,695.3528
49233,179.42702
49234,387.74063
49235,287.05127
49236,510.5978
49237,151.29959
49238,329.25098
49239,225.98239
49240,145.1664
49241,270.74997
49242,680.5645
49243,192.52855
49244,125.0621
49245,141.09717
49246,152.27081
49247,341.79276
49248,292.99576
49249,266.13074
49250,209.78372
49251,364.77527
49252,213.14635
49253,132.80002
49254,400.0107
49255,219.59491
49256,466.4928
49257,227.29643
49258,385.23544
49259,237.94647
49260,225.73372
49261,363.06396
49262,291.78183
49263,170.995
49264,212.16823
49265,244.57022
49266,204.39314
49267,236.19182
49268,174.40529
49269,210.02759
49270,204.84517
49271,283.2425
49272,577.52484
49273,189.38799
49274,215.10744
49275,146.08746
49276,118.748634
49277,376.2539
49278,195.91537
49279,464.7362
49280,220.55464
49281,179.52153
49282,389.04745
49283,161.55173
49284,273.15732
49285,209.9479
49286,156.83453
49287,260.91595
49288,583.49646
49289,708.67847
49290,265.28864
49291,216.43631
49292,140.282
49293,135.26344
49294,214.45618
49295,186.41678
49296,481.77118
49297,508.6176
49298,529.14154
49299,383.30264
49300,252.94998
49301,407.95093
49302,312.7179
49303,315.31393
49304,137.35936
49305,401.05847
49306,173.64943
49307,207.65352
49308,143.5621
49309,149.35355
49310,643.76953
49311,144.23796
49312,319.8975
49313,183.14374
49314,159.5322
49315,221.9378
49316,226.80305
49317,167.34122
49318,385.457
49319,163.00513
49320,341.83243
49321,197.20573
49322,199.69225
49323,271.1887
49324,139.82962
49325,340.5329
49326,367.50735
49327,175.59816
49328,208.63579
49329,202.50645
49330,246.59721
49331,136.5268
49332,151.78836
49333,112.0921
49334,176.43501
49335,134.37122
49336,247.21889
49337,219.61043
49338,68.23454
49339,156.5543
49340,128.68417
49341,196.43674
49342,162.02719
49343,224.075
49344,184.82062
49345,252.73158
49346,180.49728
49347,119.62721
49348,235.50665
49349,174.37996
49350,203.09113
49351,236.55386
49352,242.84808
49353,227.085
49354,150.79213
49355,132.17513
49356,279.1038
49357,340.5497
49358,285.3324
49359,468.51544
49360,680.49023
49361,118.654205
49362,380.39374
49363,159.46881
49364,331.23325
49365,126.61172
49366,287.29797
49367,104.82218
49368,128.84215
49369,216.31165
49370,354.46384
49371,157.3943
49372,539.233
49373,216.50427
49374,235.2216
49375,209.96803
49376,149.61365
49377,237.62111
49378,182.6713
49379,194.15616
49380,140.59106
49381,202.84511
49382,177.67845
49383,223.06902
49384,621.7506
49385,219.7853
49386,254.64212
49387,330.8334
49388,178.77228
49389,233.89607
49390,993.2177
49391,283.5258
49392,177.33896
49393,89.64584
49394,201.7231
49395,182.92882
49396,1018.3725
49397,323.81207
49398,406.31094
49399,176.5958
49400,306.962
49401,825.5254
49402,234.01718
49403,727.8423
49404,290.63904
49405,193.40567
49406,266.68097
49407,247.31691
49408,595.5912
49409,712.08026
49410,428.21075
49411,97.05901
49412,619.96014
49413,469.0814
49414,114.09221
49415,279.87784
49416,280.10168
49417,484.35226
49418,186.01738
49419,308.97614
49420,168.72241
49421,148.93063
49422,136.47942
49423,98.27035
49424,278.2061
49425,124.03216
49426,297.0382
49427,193.91069
49428,481.50113
49429,294.98303
49430,147.4748
49431,120.20893
49432,404.80826
49433,560.55725
49434,212.6455
49435,206.42184
49436,879.4658
49437,300.61496
49438,239.10559
49439,448.30432
49440,135.92354
49441,231.97281
49442,326.80814
49443,809.88995
49444,425.79474
49445,142.97115
49446,281.0433
49447,135.81631
49448,224.4473
49449,351.31006
49450,138.78163
49451,942.041
49452,366.68884
49453,249.90813
49454,151.98392
49455,305.53027
49456,226.3884
49457,244.01701
49458,142.39294
49459,160.63135
49460,221.3565
49461,145.15042
49462,463.40732
49463,297.03864
49464,446.47162
49465,273.30652
49466,258.99362
49467,297.98706
49468,165.34776
49469,372.12122
49470,151.16797
49471,191.37077
49472,111.0857
49473,342.7832
49474,185.00433
49475,303.248
49476,200.17006
49477,92.107704
49478,182.3778
49479,536.9729
49480,231.31703
49481,254.52246
49482,320.76648
49483,86.48155
49484,178.93881
49485,262.85376
49486,186.89398
49487,155.30666
49488,300.22842
49489,440.72745
49490,108.59298
49491,293.85608
49492,155.63918
49493,219.78781
49494,269.64267
49495,239.95532
49496,200.54762
49497,136.16628
49498,342.57565
49499,146.21391
49500,248.56223
49501,226.52626
49502,154.59326
49503,183.79495
49504,253.9883
49505,110.38411
49506,580.4428
49507,207.93239
49508,209.77176
49509,175.94081
49510,636.39935
49511,294.5779
49512,396.35626
49513,376.13388
49514,391.3201
49515,198.71518
49516,442.03036
49517,130.10275
49518,111.98061
49519,374.44086
49520,136.34131
49521,295.02365
49522,194.53789
49523,147.67194
49524,145.72427
49525,327.61334
49526,137.91412
49527,106.10138
49528,360.4656
49529,434.9449
49530,237.36327
49531,139.56618
49532,147.42151
49533,548.3618
49534,246.00609
49535,382.26575
49536,175.96266
49537,370.43842
49538,471.6026
49539,455.76523
49540,161.51663
49541,305.08713
49542,215.60533
49543,531.94165
49544,205.86203
49545,149.65395
49546,283.61118
49547,592.42596
49548,395.84045
49549,156.19772
49550,921.4719
49551,777.2227
49552,359.97644
49553,128.34474
49554,218.33466
49555,399.74826
49556,223.66913
49557,213.9767
49558,981.5966
49559,163.25105
49560,201.27707
49561,360.49524
49562,245.77289
49563,153.3583
49564,782.8534
49565,275.2933
49566,222.71329
49567,142.14526
49568,122.261765
49569,280.13794
49570,178.98381
49571,213.88748
49572,117.22232
49573,197.98431
49574,686.24695
49575,133.74747
49576,353.75586
49577,665.0362
49578,129.25954
49579,173.36188
49580,160.95006
49581,145.18265
49582,146.2252
49583,904.09766
49584,201.20293
49585,84.16319
49586,116.31936
49587,147.30168
49588,206.4803
49589,153.43237
49590,799.50946
49591,317.65726
49592,209.6705
49593,128.36531
49594,625.4496
49595,275.99667
49596,268.01157
49597,133.53783
49598,236.1661
49599,245.19466
49600,132.48991
49601,567.5718
49602,253.16866
49603,201.22577
49604,368.67548
49605,278.50327
49606,235.5674
49607,167.09416
49608,218.53787
49609,294.3797
49610,339.27725
49611,115.02974
49612,134.90263
49613,318.07773
49614,117.36006
49615,290.42673
49616,197.64507
49617,329.68677
49618,127.13637
49619,683.65814
49620,475.40768
49621,272.3648
49622,371.98795
49623,208.68126
49624,484.82346
49625,170.7676
49626,418.17313
49627,269.37775
49628,233.01727
49629,1089.9614
49630,131.00839
49631,141.6923
49632,114.63348
49633,223.74657
49634,377.53244
49635,496.6515
49636,306.70935
49637,195.58806
49638,168.1773
49639,312.9933
49640,294.5867
49641,189.90994
49642,151.85606
49643,161.43433
49644,301.4226
49645,161.11147
49646,414.23395
49647,188.85898
49648,181.85757
49649,423.18802
49650,222.94585
49651,142.02399
49652,283.26312
49653,318.00253
49654,122.456406
49655,281.42184
49656,182.80904
49657,466.72095
49658,202.99773
49659,115.759476
49660,787.7037
49661,274.06006
49662,129.1265
49663,240.22673
49664,440.91583
49665,273.14417
49666,401.4343
49667,184.14482
49668,185.03825
49669,285.6299
49670,206.58835
49671,467.10138
49672,104.107025
49673,123.40737
49674,705.24976
49675,127.98846
49676,139.92578
49677,298.6915
49678,162.39603
49679,225.64262
49680,172.63634
49681,271.5913
49682,151.08504
49683,421.2454
49684,274.8844
49685,396.50116
49686,253.74814
49687,193.62212
49688,433.46713
49689,309.84756
49690,117.30383
49691,133.89485
49692,232.47885
49693,447.3902
49694,345.6199
49695,166.19464
49696,217.76448
49697,120.23109
49698,196.52438
49699,854.879
49700,269.20285
49701,301.0606
49702,432.73276
49703,207.15482
49704,403.7285
49705,136.87852
49706,363.4444
49707,211.73077
49708,204.61148
49709,558.06366
49710,416.74713
49711,241.24532
49712,193.94365
49713,245.0169
49714,284.94373
49715,119.42274
49716,97.37531
49717,259.95865
49718,182.75803
49719,243.004
49720,496.44925
49721,271.90732
49722,282.15125
49723,322.57596
49724,204.56102
49725,301.10614
49726,181.47862
49727,519.71924
49728,339.01868
49729,484.47186
49730,292.50153
49731,331.1737
49732,690.8641
49733,226.64572
49734,642.8789
49735,147.5818
49736,182.32285
49737,122.68805
49738,182.79106
49739,358.8103
49740,266.68018
49741,580.6606
49742,116.205894
49743,198.0202
49744,523.4255
49745,97.1608
49746,364.2955
49747,224.20029
49748,188.34851
49749,172.50398
49750,174.41286
49751,481.68674
49752,194.39308
49753,358.1245
49754,163.05203
49755,581.9806
49756,127.25242
49757,487.7882
49758,120.21083
49759,171.20126
49760,278.39108
49761,495.5539
49762,172.84789
49763,135.84435
49764,241.68932
49765,326.02405
49766,175.60269
49767,252.98634
49768,172.77304
49769,142.73076
49770,170.29205
49771,224.11716
49772,215.18086
49773,314.06802
49774,145.08473
49775,95.84752
49776,446.02084
49777,223.68208
49778,143.01
49779,162.55748
49780,261.19342
49781,272.7655
49782,474.40936
49783,317.07837
49784,185.45139
49785,483.63843
49786,602.28577
49787,106.45161
49788,334.57465
49789,348.61212
49790,155.33838
49791,161.07928
49792,183.8389
49793,165.62836
49794,185.84535
49795,177.6339
49796,123.583824
49797,117.0247
49798,118.1724
49799,117.63899
49800,178.48792
49801,357.42746
49802,149.44344
49803,138.78659
49804,264.42212
49805,398.0041
49806,533.32947
49807,136.75516
49808,182.56741
49809,119.23948
49810,334.0814
49811,204.74347
49812,202.55766
49813,188.47716
49814,227.1988
49815,230.61221
49816,269.0008
49817,221.66765
49818,183.43266
49819,324.37527
49820,202.43538
49821,159.94374
49822,124.43184
49823,168.89731
49824,151.09396
49825,76.58388
49826,151.03839
49827,588.3647
49828,329.9348
49829,190.98822
49830,231.1434
49831,155.77988
49832,133.49937
49833,587.4934
49834,560.72845
49835,186.54996
49836,179.14874
49837,216.16887
49838,274.12115
49839,142.74179
49840,406.15723
49841,197.59462
49842,162.8326
49843,255.20128
49844,365.62073
49845,193.5559
49846,150.76056
49847,126.16424
49848,483.84512
49849,200.50937
49850,232.73819
49851,125.1655
49852,425.89993
49853,223.40445
49854,199.06392
49855,606.71893
49856,109.74478
49857,536.19556
49858,786.2919
49859,775.2397
49860,269.8485
49861,89.0123
49862,207.05534
49863,143.52113
49864,190.89929
49865,172.84735
49866,170.89899
49867,224.64847
49868,1106.4408
49869,308.64627
49870,210.06927
49871,212.76701
49872,167.53552
49873,177.3932
49874,288.79788
49875,211.69247
49876,301.3976
49877,476.14233
49878,446.49402
49879,233.52505
49880,118.6328
49881,762.5586
49882,97.94705
49883,202.52655
49884,112.025055
49885,236.87384
49886,231.63727
49887,499.84726
49888,169.89713
49889,167.56908
49890,240.06613
49891,343.79022
49892,386.2407
49893,203.48914
49894,271.96768
49895,236.06386
49896,253.82286
49897,674.8533
49898,219.5011
49899,298.21948
49900,565.8212
49901,479.28134
49902,389.4641
49903,109.36181
49904,106.93631
49905,186.81892
49906,453.8934
49907,136.60205
49908,233.88336
49909,197.43474
49910,87.29168
49911,389.94208
49912,179.63757
49913,167.01566
49914,154.92372
49915,647.7956
49916,173.35143
49917,157.95969
49918,233.01222
49919,316.14188
49920,329.4759
49921,308.27603
49922,89.31716
49923,184.96407
49924,255.9954
49925,121.85301
49926,336.04163
49927,178.27989
49928,233.10597
49929,179.07587
49930,189.42615
49931,128.00317
49932,229.12302
49933,358.2966
49934,360.1162
49935,167.43721
49936,82.87205
49937,535.01495
49938,110.74251
49939,180.89262
49940,453.89313
49941,296.5588
49942,279.99802
49943,262.4565
49944,130.32442
49945,345.76486
49946,270.43307
49947,164.70013
49948,303.26794
49949,199.91782
49950,235.44737
49951,245.01118
49952,451.269
49953,327.47244
49954,316.11832
49955,292.54486
49956,266.41873
49957,251.14131
49958,500.42206
49959,226.8844
49960,520.7291
49961,134.46365
49962,145.2264
49963,127.376915
49964,88.99177
49965,220.3332
49966,143.79857
49967,1707.277
49968,158.63884
49969,168.16428
49970,163.39352
49971,206.08452
49972,253.16339
49973,256.89688
49974,460.19073
49975,368.42087
49976,129.0757
49977,137.06139
49978,297.73233
49979,293.3554
49980,134.04852
49981,267.45773
49982,181.44582
49983,158.70697
49984,153.0239
49985,561.7665
49986,122.43511
49987,249.83879
49988,117.706276
49989,222.10617
49990,243.7259
49991,123.42058
49992,444.41962
49993,80.979546
49994,459.4721
49995,208.84874
49996,427.54642
49997,337.14478
49998,113.465775
49999,457.63116
50000,322.59766
50001,103.851395
50002,202.51802
50003,242.4835
50004,204.16327
50005,108.00757
50006,317.44046
50007,170.17937
50008,559.5934
50009,283.73032
50010,237.4089
50011,202.40028
50012,347.99454
50013,209.2226
50014,160.30931
50015,107.80311
50016,94.222786
50017,479.10638
50018,250.76454
50019,329.10773
50020,206.01091
50021,297.09634
50022,219.43396
50023,529.6589
50024,216.47366
50025,347.297
50026,497.19785
50027,382.43643
50028,186.46692
50029,197.60301
50030,367.4271
50031,287.37024
50032,206.06339
50033,151.42958
50034,191.5748
50035,313.62827
50036,218.67749
50037,479.14127
50038,211.5705
50039,181.13556
50040,317.97128
50041,94.62836
50042,185.06645
50043,195.13004
50044,439.64163
50045,192.88643
50046,143.34496
50047,239.84666
50048,329.80182
50049,187.1763
50050,154.48256
50051,178.8452
50052,144.68512
50053,330.95764
50054,800.7576
50055,182.1249
50056,484.26282
50057,225.32921
50058,306.90143
50059,168.09917
50060,212.27188
50061,115.22796
50062,157.41057
50063,474.43805
50064,828.96246
50065,384.11856
50066,108.47209
50067,554.82227
50068,166.3968
50069,199.6846
50070,270.74783
50071,175.96129
50072,133.28835
50073,192.90594
50074,101.00398
50075,113.94612
50076,380.3824
50077,193.0658
50078,428.27585
50079,136.46436
50080,90.11166
50081,169.56395
50082,397.39676
50083,149.74484
50084,312.98282
50085,254.57314
50086,136.25867
50087,202.08983
50088,450.2416
50089,118.99169
50090,345.97507
50091,189.04361
50092,251.59871
50093,198.06236
50094,230.45428
50095,299.0764
50096,311.25348
50097,278.12357
50098,188.05034
50099,103.76765
50100,157.82872
50101,266.69427
50102,490.7053
50103,231.76025
50104,303.5652
50105,622.95154
50106,268.30716
50107,333.52374
50108,187.94891
50109,535.6003
50110,265.1931
50111,258.63354
50112,695.9632
50113,142.30098
50114,352.61447
50115,382.5003
50116,244.64258
50117,215.62503
50118,204.67145
50119,213.70688
50120,576.46594
50121,377.6305
50122,663.015
50123,556.9776
50124,227.32692
50125,165.02124
50126,449.4699
50127,218.62123
50128,419.03445
50129,337.6446
50130,150.8009
50131,228.40161
50132,191.54482
50133,231.35411
50134,392.4418
50135,404.68832
50136,686.9343
50137,257.8781
50138,73.389824
50139,195.26736
50140,312.06967
50141,284.84244
50142,180.0898
50143,300.36273
50144,166.14876
50145,418.7677
50146,641.30963
50147,188.69746
50148,118.66757
50149,198.03644
50150,165.0202
50151,350.75397
50152,379.34238
50153,380.16125
50154,275.45364
50155,307.59198
50156,201.85849
50157,294.1941
50158,631.74146
50159,321.48764
50160,857.9818
50161,170.85542
50162,216.8107
50163,180.94681
50164,182.20839
50165,425.83173
50166,202.66658
50167,338.69336
50168,148.74602
50169,273.87463
50170,109.86967
50171,321.58987
50172,258.76547
50173,353.79285
50174,130.74124
50175,439.4808
50176,570.57654
50177,177.8346
50178,214.64206
50179,345.09998
50180,175.68849
50181,526.1515
50182,212.93263
50183,646.83997
50184,142.7363
50185,222.55798
50186,98.11048
50187,307.58075
50188,239.9784
50189,169.89815
50190,232.46613
50191,210.83101
50192,237.19496
50193,224.03857
50194,233.63428
50195,376.8752
50196,192.60953
50197,272.33344
50198,776.60345
50199,113.22225
50200,348.2763
50201,306.05356
50202,842.0248
50203,127.87009
50204,140.43661
50205,179.0854
50206,851.2439
50207,265.88605
50208,369.8961
50209,233.77644
50210,121.39699
50211,447.31592
50212,202.4782
50213,396.26236
50214,315.35992
50215,205.6679
50216,176.0428
50217,113.27074
50218,178.6173
50219,178.68425
50220,99.97153
50221,229.52829
50222,209.00931
50223,140.93556
50224,423.48938
50225,209.55548
50226,250.41399
50227,295.6734
50228,442.5052
50229,233.01212
50230,434.1497
50231,621.2803
50232,586.49274
50233,233.57582
50234,158.36102
50235,171.52823
50236,149.18637
50237,191.16458
50238,172.81203
50239,441.4145
50240,264.99866
50241,95.47984
50242,595.7943
50243,747.5871
50244,568.94745
50245,196.71205
50246,209.2697
50247,252.04819
50248,214.03223
50249,363.21545
50250,427.1082
50251,657.58795
50252,472.48352
50253,225.15076
50254,439.67816
50255,218.99107
50256,113.11927
50257,156.91179
50258,201.15448
50259,406.53214
50260,279.8784
50261,261.11093
50262,122.646324
50263,242.34035
50264,152.73209
50265,153.19162
50266,215.81667
50267,145.25668
50268,202.85753
50269,194.16013
50270,126.71748
50271,382.25888
50272,299.96692
50273,254.89314
50274,308.4184
50275,165.94626
50276,233.9609
50277,390.17535
50278,202.1889
50279,255.9591
50280,238.90498
50281,144.02101
50282,239.69487
50283,255.45009
50284,318.2726
50285,371.70438
50286,517.70856
50287,136.10966
50288,366.0908
50289,133.13387
50290,186.39908
50291,186.4395
50292,131.57738
50293,305.91232
50294,312.13855
50295,357.10782
50296,246.36053
50297,112.75301
50298,270.83942
50299,180.09818
50300,385.19128
50301,388.43915
50302,390.17053
50303,171.63126
50304,207.56956
50305,151.84079
50306,482.08847
50307,256.35132
50308,162.05905
50309,119.15468
50310,204.46527
50311,330.9379
50312,169.76584
50313,82.47788
50314,281.13458
50315,200.29399
50316,202.01634
50317,104.87891
50318,142.30472
50319,495.34576
50320,71.9066
50321,106.90147
50322,182.11223
50323,168.91559
50324,377.6181
50325,893.55304
50326,230.16014
50327,236.39351
50328,281.29538
50329,256.0668
50330,269.1876
50331,200.00375
50332,391.95242
50333,169.16295
50334,1144.6184
50335,701.58026
50336,444.66458
50337,184.31339
50338,200.73851
50339,456.8196
50340,89.17766
50341,833.93506
50342,222.78949
50343,222.24532
50344,204.06383
50345,195.80344
50346,647.99884
50347,215.70236
50348,228.55026
50349,143.04175
50350,171.09789
50351,115.14291
50352,747.0348
50353,314.98508
50354,731.7113
50355,223.82138
50356,442.98645
50357,107.72648
50358,181.31017
50359,229.88918
50360,759.9573
50361,237.39922
50362,143.68028
50363,286.4178
50364,705.018
50365,468.97678
50366,274.78748
50367,86.760956
50368,145.02637
50369,293.04398
50370,315.61115
50371,293.8294
50372,153.66585
50373,320.15964
50374,240.66292
50375,378.46826
50376,220.66595
50377,168.85464
50378,372.06195
50379,91.46309
50380,172.28691
50381,132.39287
50382,243.87286
50383,815.585
50384,193.6913
50385,136.81554
50386,284.68524
50387,228.18912
50388,268.24518
50389,151.50575
50390,262.58566
50391,335.12405
50392,196.65778
50393,321.56082
50394,110.344505
50395,346.33276
50396,504.40134
50397,170.9375
50398,513.8802
50399,458.5689
50400,545.11176
50401,129.84694
50402,229.22095
50403,369.19217
50404,144.46721
50405,181.54243
50406,155.78987
50407,217.69392
50408,236.2962
50409,108.68618
50410,325.8529
50411,102.751366
50412,297.67737
50413,782.9267
50414,916.08356
50415,156.51031
50416,226.70262
50417,187.03935
50418,198.73251
50419,164.22908
50420,196.25565
50421,165.41971
50422,444.8229
50423,210.00732
50424,179.21368
50425,118.0862
50426,374.54102
50427,214.15083
50428,418.54413
50429,459.57407
50430,368.18948
50431,314.10324
50432,341.72943
50433,193.68698
50434,240.24417
50435,135.67064
50436,328.3828
50437,193.55669
50438,589.5946
50439,230.42638
50440,220.57138
50441,316.0936
50442,357.66916
50443,337.7331
50444,336.08148
50445,138.85406
50446,585.3205
50447,236.35983
50448,509.79346
50449,209.51443
50450,544.7211
50451,194.92819
50452,214.26335
50453,207.72513
50454,186.77489
50455,616.1781
50456,299.55365
50457,248.11293
50458,351.12918
50459,188.68867
50460,120.55779
50461,134.12231
50462,399.81436
50463,237.58104
50464,160.35735
50465,623.8896
50466,339.67514
50467,772.3607
50468,164.37646
50469,193.05682
50470,121.85602
50471,251.77213
50472,273.86142
50473,337.2561
50474,271.17914
50475,168.17015
50476,313.12823
50477,232.2353
50478,220.20288
50479,397.93597
50480,341.89328
50481,353.88022
50482,204.42546
50483,109.31236
50484,318.38718
50485,699.8367
50486,116.13854
50487,154.55219
50488,206.31668
50489,568.77075
50490,284.58017
50491,149.15302
50492,237.90564
50493,113.92194
50494,126.19378
50495,155.2643
50496,179.83235
50497,218.10913
50498,145.46965
50499,161.07552
50500,410.52582
50501,146.73593
50502,232.81279
50503,342.28098
50504,294.97318
50505,292.73587
50506,261.65036
50507,107.81936
50508,482.65723
50509,213.61728
50510,488.3609
50511,368.1225
50512,118.838974
50513,318.46732
50514,197.94121
50515,196.01894
50516,369.7676
50517,351.68716
50518,159.99887
50519,240.06654
50520,381.8387
50521,296.05737
50522,242.568
50523,281.88123
50524,252.46103
50525,283.04236
50526,438.9508
50527,205.68282
50528,395.79688
50529,394.04572
50530,386.23907
50531,135.78844
50532,228.4358
50533,161.86224
50534,693.61285
50535,219.84901
50536,355.103
50537,257.24646
50538,239.78268
50539,236.46255
50540,194.67226
50541,249.3009
50542,237.41962
50543,555.7578
50544,323.29166
50545,221.75185
50546,196.18652
50547,359.9511
50548,211.14743
50549,161.1133
50550,141.81787
50551,212.20091
50552,147.81714
50553,119.10714
50554,251.23227
50555,263.46667
50556,292.84778
50557,101.28545
50558,126.598335
50559,192.41542
50560,158.56807
50561,295.0691
50562,236.68427
50563,373.17282
50564,215.8844
50565,287.22556
50566,346.00455
50567,1022.31506
50568,109.7733
50569,300.84003
50570,653.77954
50571,132.92921
50572,225.10179
50573,655.6922
50574,444.57312
50575,318.94702
50576,1075.0605
50577,439.95718
50578,574.13275
50579,216.06729
50580,397.74536
50581,228.78651
50582,380.87576
50583,129.34325
50584,330.99277
50585,332.2447
50586,264.55347
50587,831.2956
50588,676.2077
50589,214.84737
50590,452.52408
50591,256.60938
50592,183.71962
50593,303.306
50594,201.64328
50595,205.27707
50596,593.29095
50597,344.87463
50598,179.14505
50599,166.38702
50600,728.3504
50601,243.66504
50602,199.93541
50603,191.44667
50604,160.44162
50605,219.33292
50606,208.2729
50607,215.57303
50608,381.08414
50609,206.03511
50610,851.58716
50611,128.08516
50612,206.09607
50613,454.60263
50614,221.4926
50615,137.63002
50616,257.0316
50617,305.67273
50618,90.58413
50619,297.2181
50620,271.599
50621,76.71411
50622,427.93173
50623,144.88702
50624,377.1505
50625,169.88266
50626,508.18448
50627,149.45123
50628,253.17125
50629,370.75864
50630,222.5582
50631,195.89932
50632,220.15527
50633,212.08144
50634,139.15237
50635,165.16121
50636,219.08353
50637,173.7965
50638,223.4301
50639,251.26312
50640,238.77283
50641,405.94818
50642,658.5504
50643,210.24893
50644,207.93555
50645,289.46524
50646,111.8885
50647,230.1243
50648,276.41373
50649,201.16472
50650,212.55037
50651,286.45087
50652,160.49121
50653,273.09415
50654,702.5283
50655,393.4564
50656,241.92139
50657,152.73209
50658,207.15262
50659,153.26535
50660,379.999
50661,224.9337
50662,123.75397
50663,98.37708
50664,194.25276
50665,240.91516
50666,286.9533
50667,252.1415
50668,244.20125
50669,273.39688
50670,452.99255
50671,594.09393
50672,216.38272
50673,181.38405
50674,105.92463
50675,302.57626
50676,342.92004
50677,138.32072
50678,155.70049
50679,264.0877
50680,285.25323
50681,280.99423
50682,533.31586
50683,628.3295
50684,258.9164
50685,200.04474
50686,130.72516
50687,305.47745
50688,201.35388
50689,699.03125
50690,671.4347
50691,165.78343
50692,511.94623
50693,324.52438
50694,408.7973
50695,172.605
50696,128.73392
50697,170.21835
50698,452.41144
50699,217.50346
50700,180.42044
50701,283.99118
50702,295.45795
50703,488.76257
50704,294.26398
50705,311.53827
50706,286.96396
50707,54.330658
50708,186.69904
50709,239.11702
50710,139.87465
50711,154.92397
50712,115.154015
50713,95.37876
50714,682.67804
50715,196.13954
50716,275.26166
50717,103.40954
50718,122.32408
50719,853.60754
50720,219.91689
50721,361.88995
50722,493.45544
50723,284.28915
50724,200.37657
50725,607.9213
50726,487.7365
50727,307.92572
50728,132.08661
50729,186.66866
50730,120.77393
50731,518.89276
50732,222.35298
50733,198.3163
50734,619.0565
50735,275.36972
50736,242.45706
50737,528.63324
50738,147.9487
50739,183.58289
50740,133.29645
50741,227.59804
50742,280.6269
50743,88.84106
50744,126.206894
50745,138.24112
50746,201.57089
50747,315.96674
50748,173.92055
50749,405.8583
50750,219.01909
50751,118.28282
50752,413.38177
50753,232.29631
50754,322.90225
50755,121.7319
50756,227.53047
50757,762.7687
50758,142.65741
50759,275.67877
50760,477.46857
50761,567.7694
50762,178.00203
50763,148.36063
50764,130.43198
50765,178.72104
50766,191.1886
50767,161.47911
50768,223.55089
50769,185.81544
50770,369.2608
50771,124.60451
50772,123.18774
50773,144.76993
50774,178.38435
50775,200.37001
50776,335.73132
50777,542.60156
50778,146.20622
50779,138.30672
50780,215.77238
50781,140.49712
50782,159.66237
50783,147.28058
50784,695.385
50785,185.96527
50786,242.8341
50787,305.9258
50788,615.3881
50789,70.252495
50790,286.1093
50791,435.56223
50792,583.43945
50793,144.06046
50794,631.23553
50795,117.994934
50796,145.33163
50797,119.04588
50798,445.85385
50799,287.44025
50800,725.1596
50801,534.94415
50802,338.77103
50803,396.53757
50804,313.68796
50805,508.7672
50806,798.7337
50807,144.65707
50808,488.72546
50809,249.2942
50810,300.17725
50811,570.70154
50812,297.83255
50813,261.35846
50814,776.14636
50815,571.18176
50816,309.98267
50817,215.1894
50818,159.53961
50819,202.79442
50820,197.0743
50821,290.09232
50822,214.3025
50823,199.91948
50824,781.6512
50825,153.28276
50826,170.8105
50827,274.52866
50828,347.46146
50829,244.99376
50830,295.5023
50831,258.55676
50832,157.61363
50833,214.0565
50834,193.18372
50835,286.97964
50836,311.05328
50837,169.73988
50838,266.7556
50839,357.3937
50840,837.72485
50841,128.41983
50842,219.63063
50843,282.40527
50844,568.9072
50845,859.81354
50846,491.58804
50847,294.39697
50848,219.8868
50849,218.72232
50850,176.06723
50851,154.8168
50852,116.654175
50853,117.805695
50854,699.02594
50855,254.5532
50856,122.10279
50857,252.96336
50858,227.10414
50859,436.85052
50860,146.09717
50861,246.72678
50862,180.45139
50863,246.08344
50864,232.37286
50865,435.98035
50866,139.26918
50867,214.37926
50868,443.98752
50869,276.86725
50870,262.1155
50871,369.5396
50872,300.09406
50873,270.13257
50874,440.03455
50875,142.32765
50876,273.16968
50877,143.72829
50878,175.82935
50879,167.71854
50880,530.3033
50881,201.0357
50882,596.29407
50883,329.48245
50884,142.41025
50885,176.64427
50886,239.77399
50887,170.59468
50888,116.7672
50889,795.6237
50890,386.5562
50891,519.23413
50892,229.06908
50893,488.67456
50894,312.10867
50895,275.71527
50896,141.15904
50897,217.68022
50898,236.89601
50899,359.72964
50900,138.99052
50901,767.2984
50902,236.09265
50903,326.7021
50904,427.09122
50905,310.92725
50906,282.5561
50907,210.16684
50908,349.5546
50909,234.40082
50910,509.16965
50911,909.73535
50912,206.69781
50913,272.53293
50914,115.62437
50915,288.77008
50916,196.18709
50917,720.2171
50918,106.71529
50919,133.32614
50920,332.51727
50921,97.50629
50922,312.51135
50923,193.16066
50924,196.12418
50925,133.362
50926,162.2884
50927,68.94243
50928,95.06865
50929,201.32607
50930,364.05945
50931,330.36737
50932,298.1332
50933,294.41794
50934,316.39462
50935,235.82573
50936,253.70503
50937,223.6409
50938,349.85205
50939,304.3921
50940,172.37384
50941,674.5589
50942,152.16019
50943,434.6294
50944,381.8868
50945,111.1449
50946,270.94174
50947,267.5793
50948,163.78209
50949,182.05565
50950,285.07465
50951,206.02817
50952,589.8333
50953,270.11923
50954,281.80728
50955,432.4109
50956,224.54866
50957,226.50711
50958,192.87914
50959,177.18628
50960,504.9809
50961,957.73456
50962,254.19583
50963,228.64368
50964,173.8563
50965,168.5765
50966,162.79056
50967,487.99826
50968,198.15878
50969,174.00897
50970,338.45004
50971,178.28563
50972,170.00406
50973,372.78384
50974,232.93819
50975,232.75253
50976,214.07828
50977,141.90924
50978,532.00653
50979,311.90457
50980,485.26645
50981,172.33298
50982,244.7164
50983,141.02956
50984,196.91296
50985,251.05823
50986,377.81503
50987,132.45145
50988,318.3114
50989,294.74924
50990,398.646
50991,351.11893
50992,244.78226
50993,293.25906
50994,194.20575
50995,277.7209
50996,233.43315
50997,130.53038
50998,274.19897
50999,187.26323
51000,112.04722
51001,351.59818
51002,371.10788
51003,278.30106
51004,130.7631
51005,182.6465
51006,184.73753
51007,286.04773
51008,171.25073
51009,195.9164
51010,204.75041
51011,776.0827
51012,167.01566
51013,151.41922
51014,304.00653
51015,258.4247
51016,214.27173
51017,312.2171
51018,411.27045
51019,134.64177
51020,205.12302
51021,147.435
51022,151.8867
51023,205.25519
51024,141.91559
51025,86.36521
51026,106.59641
51027,126.90266
51028,228.48608
51029,259.08847
51030,292.37366
51031,442.41983
51032,134.38724
51033,39.579914
51034,308.10153
51035,239.14403
51036,145.6587
51037,382.44003
51038,172.56845
51039,243.27182
51040,246.0483
51041,131.82324
51042,147.66626
51043,124.68112
51044,215.09802
51045,235.23604
51046,192.16383
51047,98.612465
51048,235.74089
51049,250.14053
51050,229.73444
51051,167.70503
51052,335.42758
51053,132.70695
51054,313.17798
51055,357.03876
51056,348.59875
51057,110.68985
51058,255.45238
51059,958.3141
51060,251.25275
51061,213.08145
51062,372.45847
51063,158.65874
51064,905.8541
51065,160.224
51066,835.2758
51067,137.49254
51068,362.53055
51069,231.06618
51070,142.67543
51071,216.70807
51072,242.95992
51073,274.9728
51074,348.32843
51075,361.88306
51076,665.13257
51077,387.009
51078,133.63885
51079,242.27753
51080,294.7063
51081,252.23067
51082,421.5975
51083,196.37201
51084,360.14954
51085,344.24857
51086,196.3813
51087,184.68584
51088,194.70737
51089,235.24942
51090,124.03768
51091,473.34467
51092,564.083
51093,265.5121
51094,93.68041
51095,141.1648
51096,436.26242
51097,195.02164
51098,169.7857
51099,286.92462
51100,125.31421
51101,409.0363
51102,212.08858
51103,238.31699
51104,459.5115
51105,497.75372
51106,227.93437
51107,307.3095
51108,247.99284
51109,440.57584
51110,340.38272
51111,299.23172
51112,185.68147
51113,278.55856
51114,246.25665
51115,159.31062
51116,193.49919
51117,265.7618
51118,54.34964
51119,299.98743
51120,443.4185
51121,779.1063
51122,440.45435
51123,464.36954
51124,303.11136
51125,190.56358
51126,282.89435
51127,292.10727
51128,294.66406
51129,466.50845
51130,287.9871
51131,296.8526
51132,496.55377
51133,330.67172
51134,157.84705
51135,353.79733
51136,191.01118
51137,382.4021
51138,162.63606
51139,276.59827
51140,82.77938
51141,213.30751
51142,955.02826
51143,101.81994
51144,92.47842
51145,172.10814
51146,109.88277
51147,667.5091
51148,234.31207
51149,530.4983
51150,147.19962
51151,233.03847
51152,178.40047
51153,325.5664
51154,234.78778
51155,912.4923
51156,127.546936
51157,140.64255
51158,160.06819
51159,342.0999
51160,329.0656
51161,185.86362
51162,212.27962
51163,253.75995
51164,323.09866
51165,175.22841
51166,211.49634
51167,267.42874
51168,240.62672
51169,331.1708
51170,210.797
51171,338.59204
51172,261.3956
51173,193.38533
51174,239.34212
51175,176.57886
51176,135.53444
51177,280.35144
51178,411.03696
51179,209.86856
51180,310.71643
51181,287.25882
51182,315.71564
51183,477.25476
51184,437.09726
51185,141.35085
51186,109.58684
51187,267.33722
51188,572.0136
51189,420.0984
51190,298.4603
51191,154.86752
51192,186.55017
51193,485.31638
51194,128.67384
51195,412.36966
51196,187.4974
51197,163.48152
51198,416.91705
51199,398.13422
51200,347.48035
51201,126.9785
51202,381.36786
51203,215.85555
51204,447.10748
51205,233.07227
51206,214.95232
51207,123.740204
51208,170.64656
51209,182.1734
51210,338.24338
51211,86.61653
51212,175.71562
51213,453.6438
51214,113.08821
51215,121.82808
51216,306.06778
51217,281.64505
51218,175.32843
51219,128.418
51220,669.6082
51221,155.38031
51222,140.24577
51223,120.58011
51224,249.99297
51225,133.76212
51226,156.47264
51227,220.40398
51228,421.70847
51229,206.41
51230,165.87706
51231,190.62462
51232,246.15163
51233,166.816
51234,222.56683
51235,213.86812
51236,715.7071
51237,280.27963
51238,109.06058
51239,673.4279
51240,228.30127
51241,195.73843
51242,417.66602
51243,162.41025
51244,268.87772
51245,277.5362
51246,379.27713
51247,176.47295
51248,134.09846
51249,495.5798
51250,138.88008
51251,286.22876
51252,540.1638
51253,94.28374
51254,89.99052
51255,272.43353
51256,142.47552
51257,409.1333
51258,177.06305
51259,162.03108
51260,210.0919
51261,209.94351
51262,285.2035
51263,90.87463
51264,121.85409
51265,435.7493
51266,100.2672
51267,175.64743
51268,301.93304
51269,202.08566
51270,685.32587
51271,285.265
51272,394.33658
51273,212.41719
51274,71.80205
51275,135.8075
51276,73.300964
51277,357.58658
51278,147.92316
51279,412.92334
51280,537.2197
51281,680.5035
51282,258.75467
51283,190.2055
51284,99.89807
51285,317.10492
51286,262.70557
51287,109.35439
51288,114.80067
51289,272.89893
51290,225.2317
51291,338.30447
51292,301.73236
51293,160.72704
51294,190.32735
51295,190.4445
51296,275.07263
51297,220.96274
51298,380.72232
51299,111.35801
51300,455.08243
51301,337.17276
51302,127.10639
51303,154.42606
51304,441.2439
51305,415.95648
51306,185.59738
51307,247.14326
51308,179.39627
51309,158.13695
51310,216.19176
51311,298.31857
51312,373.36023
51313,100.16411
51314,159.80531
51315,304.29794
51316,269.3389
51317,193.15326
51318,219.76149
51319,495.07376
51320,275.6305
51321,110.12446
51322,240.92232
51323,139.99602
51324,234.49666
51325,134.57104
51326,197.28244
51327,377.7271
51328,650.4664
51329,154.20251
51330,257.01474
51331,153.90836
51332,353.26578
51333,459.91528
51334,317.82684
51335,217.25438
51336,626.3309
51337,318.56418
51338,221.05623
51339,264.68396
51340,215.99895
51341,180.76659
51342,91.44138
51343,143.9499
51344,218.31693
51345,321.69608
51346,522.56934
51347,214.0681
51348,129.04636
51349,215.98567
51350,517.80347
51351,360.84015
51352,254.01358
51353,197.1151
51354,126.53728
51355,631.89703
51356,223.32857
51357,160.47844
51358,404.1863
51359,60.234264
51360,216.75182
51361,338.86423
51362,273.33527
51363,554.3815
51364,497.6146
51365,340.87115
51366,79.157425
51367,168.83585
51368,541.97034
51369,152.74652
51370,231.47525
51371,166.19951
51372,197.10187
51373,183.5707
51374,128.16914
51375,341.1915
51376,153.08395
51377,178.79729
51378,396.76917
51379,570.7153
51380,188.41505
51381,117.9573
51382,281.55103
51383,132.07068
51384,224.50256
51385,154.54893
51386,126.05712
51387,140.2713
51388,215.69963
51389,620.58734
51390,472.73096
51391,258.39597
51392,175.75949
51393,212.45319
51394,191.6425
51395,144.35872
51396,364.4076
51397,626.4971
51398,176.70789
51399,224.28552
51400,246.41385
51401,476.54544
51402,111.25746
51403,452.95328
51404,188.12424
51405,229.50214
51406,260.31308
51407,123.148346
51408,291.97342
51409,226.50613
51410,472.9932
51411,299.91785
51412,313.71823
51413,183.69562
51414,369.47314
51415,122.189415
51416,282.1659
51417,104.51192
51418,343.7078
51419,172.7687
51420,436.51556
51421,239.88686
51422,185.7692
51423,232.79623
51424,569.7843
51425,629.792
51426,513.90753
51427,109.88266
51428,509.87994
51429,201.33337
51430,459.20422
51431,169.39021
51432,239.56813
51433,125.20405
51434,723.63995
51435,146.63123
51436,923.0823
51437,178.47214
51438,192.24725
51439,413.56125
51440,233.04593
51441,328.50604
51442,132.64954
51443,350.91763
51444,206.69986
51445,237.0902
51446,165.68794
51447,504.7667
51448,165.64297
51449,261.28613
51450,245.60786
51451,183.87494
51452,314.38672
51453,230.73843
51454,189.08612
51455,221.62074
51456,127.4912
51457,155.90971
51458,160.98972
51459,369.4226
51460,118.452995
51461,304.23215
51462,361.4129
51463,171.50082
51464,111.87322
51465,329.26483
51466,193.79095
51467,1422.393
51468,371.65442
51469,300.32492
51470,141.06625
51471,132.59933
51472,426.0121
51473,116.69414
51474,394.8701
51475,680.073
51476,144.65054
51477,251.91833
51478,606.986
51479,261.1725
51480,333.29327
51481,136.96777
51482,202.69777
51483,419.57684
51484,201.02354
51485,576.2223
51486,254.5256
51487,159.6043
51488,231.29605
51489,291.96262
51490,305.18738
51491,110.42868
51492,285.6121
51493,182.47343
51494,230.98169
51495,298.3835
51496,168.41692
51497,289.1403
51498,128.88498
51499,594.05914
51500,154.37755
51501,328.62628
51502,65.55801
51503,539.2643
51504,187.4979
51505,141.74823
51506,400.64804
51507,235.0484
51508,193.99355
51509,157.20229
51510,175.78157
51511,279.62238
51512,227.27963
51513,94.12116
51514,299.5068
51515,168.13564
51516,184.77747
51517,302.808
51518,379.83432
51519,226.48552
51520,223.36076
51521,137.85576
51522,240.6258
51523,251.75963
51524,324.49274
51525,319.18964
51526,428.62805
51527,321.52606
51528,94.22028
51529,219.02068
51530,181.70459
51531,446.55157
51532,79.07894
51533,247.66139
51534,256.88058
51535,2299.5464
51536,664.0151
51537,377.5253
51538,155.95662
51539,350.09488
51540,477.65167
51541,309.83334
51542,174.13052
51543,78.72992
51544,183.99138
51545,104.733826
51546,319.8381
51547,175.9325
51548,142.67038
51549,179.0082
51550,259.97256
51551,94.942764
51552,251.23901
51553,170.57582
51554,199.82906
51555,228.79396
51556,287.3728
51557,169.5829
51558,187.16132
51559,335.22983
51560,301.10574
51561,426.70514
51562,103.910736
51563,163.21497
51564,287.0364
51565,176.79828
51566,372.7452
51567,462.8892
51568,611.6844
51569,142.82951
51570,205.93335
51571,112.118195
51572,208.01315
51573,282.3611
51574,160.714
51575,502.12317
51576,569.8878
51577,226.02942
51578,1213.1261
51579,465.10785
51580,128.11055
51581,312.06305
51582,394.9333
51583,445.53296
51584,155.41086
51585,149.97902
51586,115.50888
51587,114.34964
51588,291.28592
51589,332.11978
51590,395.46973
51591,227.82434
51592,141.54825
51593,466.41696
51594,218.19092
51595,273.58157
51596,169.83932
51597,218.55434
51598,231.65126
51599,1042.47
51600,606.777
51601,426.3401
51602,362.74783
51603,174.61021
51604,211.63293
51605,329.33154
51606,152.49162
51607,122.763054
51608,313.19308
51609,226.08163
51610,217.8403
51611,277.3818
51612,821.2049
51613,241.28783
51614,455.9372
51615,271.98926
51616,150.00941
51617,236.79881
51618,100.59911
51619,116.227196
51620,1072.9597
51621,143.20287
51622,357.5436
51623,411.0401
51624,298.3449
51625,174.37875
51626,205.36072
51627,199.20256
51628,510.1498
51629,159.643
51630,193.15213
51631,113.17164
51632,227.844
51633,369.8448
51634,205.74309
51635,233.89145
51636,142.6654
51637,119.4221
51638,145.07277
51639,222.11168
51640,273.12195
51641,161.94165
51642,147.69305
51643,337.72952
51644,348.78882
51645,175.90358
51646,130.27534
51647,166.64447
51648,151.07391
51649,230.67107
51650,310.7906
51651,408.85074
51652,169.44177
51653,119.525406
51654,152.26566
51655,325.93323
51656,193.92923
51657,145.94847
51658,337.95877
51659,252.60188
51660,134.93085
51661,174.31094
51662,766.61646
51663,373.10727
51664,639.7985
51665,412.85083
51666,183.46776
51667,206.52449
51668,107.24462
51669,298.53345
51670,694.90436
51671,194.25105
51672,247.85123
51673,222.2591
51674,151.71075
51675,165.27551
51676,1096.8182
51677,118.2843
51678,161.02661
51679,274.50226
51680,295.09036
51681,163.83688
51682,223.89948
51683,153.71234
51684,165.12758
51685,113.024055
51686,103.79929
51687,282.90668
51688,138.112
51689,137.91628
51690,669.8614
51691,151.9989
51692,216.0378
51693,662.2908
51694,237.0809
51695,418.5478
51696,195.26334
51697,541.91125
51698,136.45944
51699,213.03249
51700,271.50848
51701,133.10435
51702,195.2951
51703,244.1659
51704,142.65115
51705,152.91325
51706,942.37274
51707,183.65149
51708,362.08273
